,price_based_score,real_score,final_score,source
2009-04-28,72.13,,72.13,price_based
2009-04-29,76.32,,76.32,price_based
2009-04-30,76.02,,76.02,price_based
2009-05-01,72.9,,72.9,price_based
2009-05-04,72.76,,72.76,price_based
2009-05-05,74.13,,74.13,price_based
2009-05-06,77.55,,77.55,price_based
2009-05-07,72.08,,72.08,price_based
2009-05-08,70.32,,70.32,price_based
2009-05-11,68.85,,68.85,price_based
2009-05-12,70.31,,70.31,price_based
2009-05-13,63.96,,63.96,price_based
2009-05-14,64.29,,64.29,price_based
2009-05-15,58.99,,58.99,price_based
2009-05-18,70.99,,70.99,price_based
2009-05-19,71.1,,71.1,price_based
2009-05-20,69.28,,69.28,price_based
2009-05-21,63.99,,63.99,price_based
2009-05-22,60.77,,60.77,price_based
2009-05-26,67.34,,67.34,price_based
2009-05-27,65.35,,65.35,price_based
2009-05-28,64.41,,64.41,price_based
2009-05-29,66.36,,66.36,price_based
2009-06-01,71.03,,71.03,price_based
2009-06-02,69.15,,69.15,price_based
2009-06-03,65.4,,65.4,price_based
2009-06-04,68.51,,68.51,price_based
2009-06-05,71.73,,71.73,price_based
2009-06-08,70.68,,70.68,price_based
2009-06-09,73.06,,73.06,price_based
2009-06-10,73.49,,73.49,price_based
2009-06-11,76.01,,76.01,price_based
2009-06-12,74.34,,74.34,price_based
2009-06-15,68.48,,68.48,price_based
2009-06-16,60.41,,60.41,price_based
2009-06-17,61.49,,61.49,price_based
2009-06-18,64.89,,64.89,price_based
2009-06-19,67.81,,67.81,price_based
2009-06-22,58.61,,58.61,price_based
2009-06-23,54.95,,54.95,price_based
2009-06-24,57.82,,57.82,price_based
2009-06-25,60.88,,60.88,price_based
2009-06-26,61.4,,61.4,price_based
2009-06-29,57.57,,57.57,price_based
2009-06-30,57.41,,57.41,price_based
2009-07-01,58.94,,58.94,price_based
2009-07-02,51.31,,51.31,price_based
2009-07-06,47.19,,47.19,price_based
2009-07-07,41.88,,41.88,price_based
2009-07-08,41.1,,41.1,price_based
2009-07-09,43.7,,43.7,price_based
2009-07-10,44.33,,44.33,price_based
2009-07-13,49.94,,49.94,price_based
2009-07-14,54.93,,54.93,price_based
2009-07-15,61.43,,61.43,price_based
2009-07-16,62.09,,62.09,price_based
2009-07-17,62.16,,62.16,price_based
2009-07-20,63.5,,63.5,price_based
2009-07-21,67.18,,67.18,price_based
2009-07-22,69.97,,69.97,price_based
2009-07-23,72.34,,72.34,price_based
2009-07-24,70.63,,70.63,price_based
2009-07-27,70.45,,70.45,price_based
2009-07-28,67.47,,67.47,price_based
2009-07-29,66.63,,66.63,price_based
2009-07-30,66.96,,66.96,price_based
2009-07-31,68.62,,68.62,price_based
2009-08-03,73.96,,73.96,price_based
2009-08-04,77.7,,77.7,price_based
2009-08-05,77.12,,77.12,price_based
2009-08-06,73.22,,73.22,price_based
2009-08-07,76.69,,76.69,price_based
2009-08-10,72.92,,72.92,price_based
2009-08-11,68.64,,68.64,price_based
2009-08-12,65.13,,65.13,price_based
2009-08-13,63.75,,63.75,price_based
2009-08-14,60.96,,60.96,price_based
2009-08-17,51.54,,51.54,price_based
2009-08-18,56.55,,56.55,price_based
2009-08-19,55.27,,55.27,price_based
2009-08-20,53.15,,53.15,price_based
2009-08-21,57.01,,57.01,price_based
2009-08-24,54.14,,54.14,price_based
2009-08-25,55.01,,55.01,price_based
2009-08-26,53.97,,53.97,price_based
2009-08-27,54.07,,54.07,price_based
2009-08-28,54.55,,54.55,price_based
2009-08-31,48.99,,48.99,price_based
2009-09-01,43.55,,43.55,price_based
2009-09-02,42.96,,42.96,price_based
2009-09-03,46.51,,46.51,price_based
2009-09-04,48.75,,48.75,price_based
2009-09-08,51.75,,51.75,price_based
2009-09-09,55.04,,55.04,price_based
2009-09-10,54.9,,54.9,price_based
2009-09-11,55.66,,55.66,price_based
2009-09-14,58.65,,58.65,price_based
2009-09-15,64.74,,64.74,price_based
2009-09-16,64.39,,64.39,price_based
2009-09-17,63.12,,63.12,price_based
2009-09-18,63.09,,63.09,price_based
2009-09-21,59.93,,59.93,price_based
2009-09-22,61.6,,61.6,price_based
2009-09-23,60.61,,60.61,price_based
2009-09-24,58.48,,58.48,price_based
2009-09-25,55.63,,55.63,price_based
2009-09-28,57.98,,57.98,price_based
2009-09-29,58.71,,58.71,price_based
2009-09-30,60.43,,60.43,price_based
2009-10-01,54.31,,54.31,price_based
2009-10-02,52.81,,52.81,price_based
2009-10-05,52.72,,52.72,price_based
2009-10-06,53.26,,53.26,price_based
2009-10-07,53.72,,53.72,price_based
2009-10-08,54.7,,54.7,price_based
2009-10-09,57.7,,57.7,price_based
2009-10-12,56.04,,56.04,price_based
2009-10-13,54.59,,54.59,price_based
2009-10-14,55.75,,55.75,price_based
2009-10-15,57.16,,57.16,price_based
2009-10-16,55.34,,55.34,price_based
2009-10-19,55.47,,55.47,price_based
2009-10-20,55.57,,55.57,price_based
2009-10-21,55.11,,55.11,price_based
2009-10-22,58.06,,58.06,price_based
2009-10-23,58.41,,58.41,price_based
2009-10-26,55.31,,55.31,price_based
2009-10-27,51.57,,51.57,price_based
2009-10-28,45.76,,45.76,price_based
2009-10-29,55.6,,55.6,price_based
2009-10-30,45.74,,45.74,price_based
2009-11-02,46.88,,46.88,price_based
2009-11-03,46.86,,46.86,price_based
2009-11-04,48.13,,48.13,price_based
2009-11-05,50.76,,50.76,price_based
2009-11-06,49.62,,49.62,price_based
2009-11-09,53.23,,53.23,price_based
2009-11-10,53.99,,53.99,price_based
2009-11-11,51.78,,51.78,price_based
2009-11-12,50.02,,50.02,price_based
2009-11-13,52.23,,52.23,price_based
2009-11-16,53.22,,53.22,price_based
2009-11-17,54.13,,54.13,price_based
2009-11-18,53.8,,53.8,price_based
2009-11-19,50.4,,50.4,price_based
2009-11-20,50.08,,50.08,price_based
2009-11-23,51.9,,51.9,price_based
2009-11-24,54.6,,54.6,price_based
2009-11-25,57.48,,57.48,price_based
2009-11-27,48.38,,48.38,price_based
2009-11-30,52.89,,52.89,price_based
2009-12-01,55.38,,55.38,price_based
2009-12-02,55.27,,55.27,price_based
2009-12-03,53.88,,53.88,price_based
2009-12-04,54.23,,54.23,price_based
2009-12-07,52.59,,52.59,price_based
2009-12-08,47.79,,47.79,price_based
2009-12-09,49.97,,49.97,price_based
2009-12-10,51.12,,51.12,price_based
2009-12-11,52.48,,52.48,price_based
2009-12-14,53.52,,53.52,price_based
2009-12-15,52.77,,52.77,price_based
2009-12-16,53.45,,53.45,price_based
2009-12-17,49.51,,49.51,price_based
2009-12-18,53.57,,53.57,price_based
2009-12-21,57.76,,57.76,price_based
2009-12-22,58.67,,58.67,price_based
2009-12-23,60.64,,60.64,price_based
2009-12-24,63.31,,63.31,price_based
2009-12-28,66.28,,66.28,price_based
2009-12-29,64.77,,64.77,price_based
2009-12-30,62.77,,62.77,price_based
2009-12-31,60.43,,60.43,price_based
2010-01-04,63.24,,63.24,price_based
2010-01-05,61.31,,61.31,price_based
2010-01-06,61.89,,61.89,price_based
2010-01-07,63.15,,63.15,price_based
2010-01-08,62.98,,62.98,price_based
2010-01-11,61.38,,61.38,price_based
2010-01-12,57.52,,57.52,price_based
2010-01-13,58.79,,58.79,price_based
2010-01-14,58.05,,58.05,price_based
2010-01-15,55.62,,55.62,price_based
2010-01-19,60.14,,60.14,price_based
2010-01-20,55.09,,55.09,price_based
2010-01-21,46.55,,46.55,price_based
2010-01-22,36.93,,36.93,price_based
2010-01-25,38.49,,38.49,price_based
2010-01-26,37.53,,37.53,price_based
2010-01-27,39.29,,39.29,price_based
2010-01-28,37.19,,37.19,price_based
2010-01-29,33.18,,33.18,price_based
2010-02-01,37.2,,37.2,price_based
2010-02-02,37.58,,37.58,price_based
2010-02-03,39.27,,39.27,price_based
2010-02-04,30.4,,30.4,price_based
2010-02-05,30.49,,30.49,price_based
2010-02-08,28.74,,28.74,price_based
2010-02-09,31.61,,31.61,price_based
2010-02-10,34.06,,34.06,price_based
2010-02-11,35.06,,35.06,price_based
2010-02-12,36.56,,36.56,price_based
2010-02-16,40.05,,40.05,price_based
2010-02-17,40.73,,40.73,price_based
2010-02-18,44.91,,44.91,price_based
2010-02-19,47.96,,47.96,price_based
2010-02-22,51.15,,51.15,price_based
2010-02-23,46.32,,46.32,price_based
2010-02-24,47.99,,47.99,price_based
2010-02-25,46.53,,46.53,price_based
2010-02-26,49.7,,49.7,price_based
2010-03-01,53.99,,53.99,price_based
2010-03-02,52.49,,52.49,price_based
2010-03-03,51.91,,51.91,price_based
2010-03-04,50.53,,50.53,price_based
2010-03-05,59.0,,59.0,price_based
2010-03-08,58.34,,58.34,price_based
2010-03-09,60.18,,60.18,price_based
2010-03-10,58.97,,58.97,price_based
2010-03-11,60.54,,60.54,price_based
2010-03-12,58.64,,58.64,price_based
2010-03-15,57.72,,57.72,price_based
2010-03-16,56.72,,56.72,price_based
2010-03-17,55.48,,55.48,price_based
2010-03-18,54.98,,54.98,price_based
2010-03-19,53.3,,53.3,price_based
2010-03-22,54.42,,54.42,price_based
2010-03-23,59.71,,59.71,price_based
2010-03-24,58.19,,58.19,price_based
2010-03-25,58.0,,58.0,price_based
2010-03-26,57.99,,57.99,price_based
2010-03-29,57.52,,57.52,price_based
2010-03-30,57.83,,57.83,price_based
2010-03-31,56.0,,56.0,price_based
2010-04-01,55.68,,55.68,price_based
2010-04-05,56.69,,56.69,price_based
2010-04-06,58.06,,58.06,price_based
2010-04-07,55.52,,55.52,price_based
2010-04-08,55.31,,55.31,price_based
2010-04-09,56.47,,56.47,price_based
2010-04-12,57.09,,57.09,price_based
2010-04-13,57.37,,57.37,price_based
2010-04-14,61.24,,61.24,price_based
2010-04-15,61.72,,61.72,price_based
2010-04-16,54.08,,54.08,price_based
2010-04-19,56.74,,56.74,price_based
2010-04-20,59.34,,59.34,price_based
2010-04-21,57.25,,57.25,price_based
2010-04-22,56.97,,56.97,price_based
2010-04-23,57.73,,57.73,price_based
2010-04-26,56.41,,56.41,price_based
2010-04-27,42.45,,42.45,price_based
2010-04-28,45.43,,45.43,price_based
2010-04-29,52.87,,52.87,price_based
2010-04-30,44.08,,44.08,price_based
2010-05-03,45.85,,45.85,price_based
2010-05-04,33.91,,33.91,price_based
2010-05-05,31.47,,31.47,price_based
2010-05-06,11.84,,11.84,price_based
2010-05-07,0.0,,0.0,price_based
2010-05-10,23.57,,23.57,price_based
2010-05-11,23.7,,23.7,price_based
2010-05-12,29.92,,29.92,price_based
2010-05-13,24.68,,24.68,price_based
2010-05-14,16.83,,16.83,price_based
2010-05-17,17.55,,17.55,price_based
2010-05-18,9.25,,9.25,price_based
2010-05-19,5.41,,5.41,price_based
2010-05-20,0.0,,0.0,price_based
2010-05-21,0.0,,0.0,price_based
2010-05-24,0.0,,0.0,price_based
2010-05-25,6.52,,6.52,price_based
2010-05-26,3.2,,3.2,price_based
2010-05-27,17.49,,17.49,price_based
2010-05-28,15.82,,15.82,price_based
2010-06-01,8.05,,8.05,price_based
2010-06-02,23.67,,23.67,price_based
2010-06-03,27.91,,27.91,price_based
2010-06-04,17.99,,17.99,price_based
2010-06-07,15.47,,15.47,price_based
2010-06-08,13.76,,13.76,price_based
2010-06-09,13.31,,13.31,price_based
2010-06-10,20.56,,20.56,price_based
2010-06-11,25.91,,25.91,price_based
2010-06-14,29.56,,29.56,price_based
2010-06-15,37.54,,37.54,price_based
2010-06-16,40.18,,40.18,price_based
2010-06-17,42.9,,42.9,price_based
2010-06-18,52.48,,52.48,price_based
2010-06-21,47.11,,47.11,price_based
2010-06-22,41.75,,41.75,price_based
2010-06-23,40.54,,40.54,price_based
2010-06-24,36.53,,36.53,price_based
2010-06-25,31.88,,31.88,price_based
2010-06-28,30.6,,30.6,price_based
2010-06-29,18.94,,18.94,price_based
2010-06-30,12.98,,12.98,price_based
2010-07-01,14.55,,14.55,price_based
2010-07-02,24.48,,24.48,price_based
2010-07-06,29.12,,29.12,price_based
2010-07-07,37.81,,37.81,price_based
2010-07-08,41.61,,41.61,price_based
2010-07-09,38.79,,38.79,price_based
2010-07-12,39.46,,39.46,price_based
2010-07-13,41.58,,41.58,price_based
2010-07-14,36.69,,36.69,price_based
2010-07-15,35.87,,35.87,price_based
2010-07-16,29.94,,29.94,price_based
2010-07-19,31.49,,31.49,price_based
2010-07-20,37.11,,37.11,price_based
2010-07-21,34.52,,34.52,price_based
2010-07-22,41.74,,41.74,price_based
2010-07-23,46.58,,46.58,price_based
2010-07-26,48.69,,48.69,price_based
2010-07-27,49.91,,49.91,price_based
2010-07-28,51.81,,51.81,price_based
2010-07-29,53.4,,53.4,price_based
2010-07-30,53.23,,53.23,price_based
2010-08-02,58.63,,58.63,price_based
2010-08-03,56.01,,56.01,price_based
2010-08-04,53.85,,53.85,price_based
2010-08-05,51.5,,51.5,price_based
2010-08-06,49.38,,49.38,price_based
2010-08-09,49.33,,49.33,price_based
2010-08-10,44.68,,44.68,price_based
2010-08-11,35.22,,35.22,price_based
2010-08-12,34.54,,34.54,price_based
2010-08-13,36.97,,36.97,price_based
2010-08-16,34.02,,34.02,price_based
2010-08-17,37.53,,37.53,price_based
2010-08-18,40.68,,40.68,price_based
2010-08-19,30.82,,30.82,price_based
2010-08-20,31.5,,31.5,price_based
2010-08-23,28.89,,28.89,price_based
2010-08-24,21.83,,21.83,price_based
2010-08-25,26.33,,26.33,price_based
2010-08-26,23.96,,23.96,price_based
2010-08-27,33.23,,33.23,price_based
2010-08-30,23.8,,23.8,price_based
2010-08-31,25.52,,25.52,price_based
2010-09-01,33.29,,33.29,price_based
2010-09-02,37.43,,37.43,price_based
2010-09-03,45.47,,45.47,price_based
2010-09-07,39.03,,39.03,price_based
2010-09-08,43.23,,43.23,price_based
2010-09-09,51.07,,51.07,price_based
2010-09-10,53.84,,53.84,price_based
2010-09-13,57.94,,57.94,price_based
2010-09-14,58.54,,58.54,price_based
2010-09-15,56.63,,56.63,price_based
2010-09-16,58.03,,58.03,price_based
2010-09-17,59.83,,59.83,price_based
2010-09-20,62.24,,62.24,price_based
2010-09-21,60.43,,60.43,price_based
2010-09-22,62.96,,62.96,price_based
2010-09-23,59.18,,59.18,price_based
2010-09-24,68.41,,68.41,price_based
2010-09-27,61.63,,61.63,price_based
2010-09-28,63.46,,63.46,price_based
2010-09-29,64.0,,64.0,price_based
2010-09-30,57.23,,57.23,price_based
2010-10-01,57.42,,57.42,price_based
2010-10-04,49.97,,49.97,price_based
2010-10-05,58.6,,58.6,price_based
2010-10-06,54.49,,54.49,price_based
2010-10-07,52.82,,52.82,price_based
2010-10-08,54.62,,54.62,price_based
2010-10-11,55.91,,55.91,price_based
2010-10-12,57.92,,57.92,price_based
2010-10-13,58.24,,58.24,price_based
2010-10-14,56.41,,56.41,price_based
2010-10-15,63.42,,63.42,price_based
2010-10-18,59.82,,59.82,price_based
2010-10-19,57.86,,57.86,price_based
2010-10-20,61.17,,61.17,price_based
2010-10-21,63.41,,63.41,price_based
2010-10-22,62.35,,62.35,price_based
2010-10-25,63.49,,63.49,price_based
2010-10-26,65.26,,65.26,price_based
2010-10-27,65.31,,65.31,price_based
2010-10-28,64.45,,64.45,price_based
2010-10-29,62.51,,62.51,price_based
2010-11-01,63.45,,63.45,price_based
2010-11-02,62.75,,62.75,price_based
2010-11-03,69.13,,69.13,price_based
2010-11-04,71.95,,71.95,price_based
2010-11-05,71.52,,71.52,price_based
2010-11-08,70.96,,70.96,price_based
2010-11-09,69.09,,69.09,price_based
2010-11-10,68.18,,68.18,price_based
2010-11-11,66.25,,66.25,price_based
2010-11-12,58.58,,58.58,price_based
2010-11-15,62.44,,62.44,price_based
2010-11-16,55.27,,55.27,price_based
2010-11-17,56.69,,56.69,price_based
2010-11-18,63.87,,63.87,price_based
2010-11-19,63.19,,63.19,price_based
2010-11-22,61.24,,61.24,price_based
2010-11-23,52.2,,52.2,price_based
2010-11-24,57.97,,57.97,price_based
2010-11-26,52.89,,52.89,price_based
2010-11-29,54.42,,54.42,price_based
2010-11-30,50.05,,50.05,price_based
2010-12-01,57.64,,57.64,price_based
2010-12-02,61.37,,61.37,price_based
2010-12-03,63.29,,63.29,price_based
2010-12-06,61.0,,61.0,price_based
2010-12-07,64.34,,64.34,price_based
2010-12-08,65.53,,65.53,price_based
2010-12-09,66.02,,66.02,price_based
2010-12-10,68.33,,68.33,price_based
2010-12-13,66.93,,66.93,price_based
2010-12-14,67.29,,67.29,price_based
2010-12-15,70.73,,70.73,price_based
2010-12-16,70.68,,70.68,price_based
2010-12-17,67.35,,67.35,price_based
2010-12-20,67.62,,67.62,price_based
2010-12-21,69.3,,69.3,price_based
2010-12-22,74.53,,74.53,price_based
2010-12-23,68.44,,68.44,price_based
2010-12-27,67.78,,67.78,price_based
2010-12-28,69.5,,69.5,price_based
2010-12-29,69.41,,69.41,price_based
2010-12-30,64.43,,64.43,price_based
2010-12-31,61.41,,61.41,price_based
2011-01-03,63.09,68.0,68.0,cnn_real
2011-01-04,64.81,68.0,68.0,cnn_real
2011-01-05,65.56,67.0,67.0,cnn_real
2011-01-06,63.47,64.0,64.0,cnn_real
2011-01-07,62.53,63.0,63.0,cnn_real
2011-01-10,59.82,58.0,58.0,cnn_real
2011-01-11,63.42,58.0,58.0,cnn_real
2011-01-12,63.53,58.0,58.0,cnn_real
2011-01-13,61.76,58.0,58.0,cnn_real
2011-01-14,65.21,60.0,60.0,cnn_real
2011-01-18,67.1,56.0,56.0,cnn_real
2011-01-19,62.45,55.0,55.0,cnn_real
2011-01-20,60.97,54.0,54.0,cnn_real
2011-01-21,58.38,47.0,47.0,cnn_real
2011-01-24,61.05,45.0,45.0,cnn_real
2011-01-25,60.63,43.0,43.0,cnn_real
2011-01-26,62.07,43.0,43.0,cnn_real
2011-01-27,64.26,43.0,43.0,cnn_real
2011-01-28,53.88,43.0,43.0,cnn_real
2011-01-31,57.32,41.0,41.0,cnn_real
2011-02-01,61.5,41.0,41.0,cnn_real
2011-02-02,61.98,46.0,46.0,cnn_real
2011-02-03,60.53,47.0,47.0,cnn_real
2011-02-04,63.93,49.0,49.0,cnn_real
2011-02-07,66.02,56.0,56.0,cnn_real
2011-02-08,69.07,56.0,56.0,cnn_real
2011-02-09,65.3,56.0,56.0,cnn_real
2011-02-10,64.63,56.0,56.0,cnn_real
2011-02-11,66.58,56.0,56.0,cnn_real
2011-02-14,64.52,61.0,61.0,cnn_real
2011-02-15,62.13,61.0,61.0,cnn_real
2011-02-16,64.6,61.0,61.0,cnn_real
2011-02-17,63.82,61.0,61.0,cnn_real
2011-02-18,64.48,56.0,56.0,cnn_real
2011-02-22,50.48,42.0,42.0,cnn_real
2011-02-23,48.75,42.0,42.0,cnn_real
2011-02-24,47.93,42.0,42.0,cnn_real
2011-02-25,51.68,42.0,42.0,cnn_real
2011-02-28,57.3,43.0,43.0,cnn_real
2011-03-01,49.06,43.0,43.0,cnn_real
2011-03-02,48.69,42.0,42.0,cnn_real
2011-03-03,55.18,41.0,41.0,cnn_real
2011-03-04,51.22,39.0,39.0,cnn_real
2011-03-07,45.62,35.0,35.0,cnn_real
2011-03-08,46.89,27.0,27.0,cnn_real
2011-03-09,41.77,26.0,26.0,cnn_real
2011-03-10,37.72,26.0,26.0,cnn_real
2011-03-11,39.97,26.0,26.0,cnn_real
2011-03-14,37.37,13.0,13.0,cnn_real
2011-03-15,30.1,13.0,13.0,cnn_real
2011-03-16,18.91,11.0,11.0,cnn_real
2011-03-17,25.06,9.0,9.0,cnn_real
2011-03-18,28.26,9.0,9.0,cnn_real
2011-03-21,37.5,14.0,14.0,cnn_real
2011-03-22,42.74,15.0,15.0,cnn_real
2011-03-23,45.16,16.0,16.0,cnn_real
2011-03-24,49.8,16.0,16.0,cnn_real
2011-03-25,49.87,19.0,19.0,cnn_real
2011-03-28,46.51,23.0,23.0,cnn_real
2011-03-29,52.41,23.0,23.0,cnn_real
2011-03-30,48.26,24.0,24.0,cnn_real
2011-03-31,45.26,24.0,24.0,cnn_real
2011-04-01,46.7,27.0,27.0,cnn_real
2011-04-04,47.2,31.0,31.0,cnn_real
2011-04-05,46.53,35.0,35.0,cnn_real
2011-04-06,50.65,37.0,37.0,cnn_real
2011-04-07,54.39,37.0,37.0,cnn_real
2011-04-08,52.19,37.0,37.0,cnn_real
2011-04-11,52.59,34.0,34.0,cnn_real
2011-04-12,52.02,33.0,33.0,cnn_real
2011-04-13,59.51,33.0,33.0,cnn_real
2011-04-14,56.55,30.0,30.0,cnn_real
2011-04-15,55.08,28.0,28.0,cnn_real
2011-04-18,48.14,24.0,24.0,cnn_real
2011-04-19,50.94,24.0,24.0,cnn_real
2011-04-20,56.87,25.0,25.0,cnn_real
2011-04-21,55.98,30.0,30.0,cnn_real
2011-04-25,55.27,35.0,35.0,cnn_real
2011-04-26,56.57,36.0,36.0,cnn_real
2011-04-27,56.2,37.0,37.0,cnn_real
2011-04-28,55.11,37.0,37.0,cnn_real
2011-04-29,53.66,41.0,41.0,cnn_real
2011-05-02,53.24,36.0,36.0,cnn_real
2011-05-03,51.6,31.0,31.0,cnn_real
2011-05-04,50.34,30.0,30.0,cnn_real
2011-05-05,45.52,29.0,29.0,cnn_real
2011-05-06,46.72,27.0,27.0,cnn_real
2011-05-09,47.89,28.0,28.0,cnn_real
2011-05-10,52.18,31.0,31.0,cnn_real
2011-05-11,51.54,31.0,31.0,cnn_real
2011-05-12,52.62,32.0,32.0,cnn_real
2011-05-13,48.09,32.0,32.0,cnn_real
2011-05-16,44.78,27.0,27.0,cnn_real
2011-05-17,46.88,27.0,27.0,cnn_real
2011-05-18,49.33,25.0,25.0,cnn_real
2011-05-19,45.9,23.0,23.0,cnn_real
2011-05-20,42.25,22.0,22.0,cnn_real
2011-05-23,37.72,16.0,16.0,cnn_real
2011-05-24,35.67,13.0,13.0,cnn_real
2011-05-25,35.35,13.0,13.0,cnn_real
2011-05-26,36.4,15.0,15.0,cnn_real
2011-05-27,38.15,16.0,16.0,cnn_real
2011-05-31,42.81,16.0,16.0,cnn_real
2011-06-01,34.89,15.0,15.0,cnn_real
2011-06-02,38.25,12.0,12.0,cnn_real
2011-06-03,35.5,9.0,9.0,cnn_real
2011-06-06,32.2,6.0,6.0,cnn_real
2011-06-07,30.53,6.0,6.0,cnn_real
2011-06-08,24.85,6.0,6.0,cnn_real
2011-06-09,28.34,6.0,6.0,cnn_real
2011-06-10,21.7,5.0,5.0,cnn_real
2011-06-13,24.22,6.0,6.0,cnn_real
2011-06-14,32.59,5.0,5.0,cnn_real
2011-06-15,24.56,5.0,5.0,cnn_real
2011-06-16,18.61,6.0,6.0,cnn_real
2011-06-17,19.45,7.0,7.0,cnn_real
2011-06-20,23.69,9.0,9.0,cnn_real
2011-06-21,32.71,9.0,9.0,cnn_real
2011-06-22,31.14,10.0,10.0,cnn_real
2011-06-23,32.33,10.0,10.0,cnn_real
2011-06-24,27.27,11.0,11.0,cnn_real
2011-06-27,31.2,25.0,25.0,cnn_real
2011-06-28,35.51,29.0,29.0,cnn_real
2011-06-29,44.37,30.0,30.0,cnn_real
2011-06-30,46.77,32.0,32.0,cnn_real
2011-07-01,55.07,34.0,34.0,cnn_real
2011-07-05,56.17,51.0,51.0,cnn_real
2011-07-06,57.36,52.0,52.0,cnn_real
2011-07-07,64.08,48.0,48.0,cnn_real
2011-07-08,59.23,43.0,43.0,cnn_real
2011-07-11,53.97,35.0,35.0,cnn_real
2011-07-12,51.33,31.0,31.0,cnn_real
2011-07-13,48.79,31.0,31.0,cnn_real
2011-07-14,52.17,31.0,31.0,cnn_real
2011-07-15,57.95,32.0,32.0,cnn_real
2011-07-18,55.7,44.0,44.0,cnn_real
2011-07-19,59.82,44.0,44.0,cnn_real
2011-07-20,55.63,47.0,47.0,cnn_real
2011-07-21,61.56,48.0,48.0,cnn_real
2011-07-22,62.04,51.0,51.0,cnn_real
2011-07-25,65.08,38.0,38.0,cnn_real
2011-07-26,61.41,35.0,35.0,cnn_real
2011-07-27,48.38,27.0,27.0,cnn_real
2011-07-28,45.24,27.0,27.0,cnn_real
2011-07-29,38.85,16.0,16.0,cnn_real
2011-08-01,34.43,10.0,10.0,cnn_real
2011-08-02,23.66,8.0,8.0,cnn_real
2011-08-03,26.23,2.0,2.0,cnn_real
2011-08-04,6.2,5.0,5.0,cnn_real
2011-08-05,8.37,5.0,5.0,cnn_real
2011-08-08,0.0,1.0,1.0,cnn_real
2011-08-09,7.96,2.0,2.0,cnn_real
2011-08-10,0.0,2.0,2.0,cnn_real
2011-08-11,9.46,3.0,3.0,cnn_real
2011-08-12,8.52,6.0,6.0,cnn_real
2011-08-15,15.19,7.0,7.0,cnn_real
2011-08-16,9.79,11.0,11.0,cnn_real
2011-08-17,8.19,7.0,7.0,cnn_real
2011-08-18,0.0,7.0,7.0,cnn_real
2011-08-19,0.0,6.0,6.0,cnn_real
2011-08-22,0.0,7.0,7.0,cnn_real
2011-08-23,1.84,9.0,9.0,cnn_real
2011-08-24,8.79,8.0,8.0,cnn_real
2011-08-25,3.57,11.0,11.0,cnn_real
2011-08-26,12.23,12.0,12.0,cnn_real
2011-08-29,21.21,22.0,22.0,cnn_real
2011-08-30,26.92,22.0,22.0,cnn_real
2011-08-31,27.78,28.0,28.0,cnn_real
2011-09-01,34.51,26.0,26.0,cnn_real
2011-09-02,24.86,26.0,26.0,cnn_real
2011-09-06,34.41,27.0,27.0,cnn_real
2011-09-07,34.92,28.0,28.0,cnn_real
2011-09-08,42.25,25.0,25.0,cnn_real
2011-09-09,24.42,25.0,25.0,cnn_real
2011-09-12,28.92,31.0,31.0,cnn_real
2011-09-13,30.0,31.0,31.0,cnn_real
2011-09-14,36.77,31.0,31.0,cnn_real
2011-09-15,43.24,33.0,33.0,cnn_real
2011-09-16,52.52,38.0,38.0,cnn_real
2011-09-19,53.67,39.0,39.0,cnn_real
2011-09-20,51.54,32.0,32.0,cnn_real
2011-09-21,38.43,31.0,31.0,cnn_real
2011-09-22,24.64,28.0,28.0,cnn_real
2011-09-23,32.84,28.0,28.0,cnn_real
2011-09-26,33.88,26.0,26.0,cnn_real
2011-09-27,33.5,25.0,25.0,cnn_real
2011-09-28,29.28,27.0,27.0,cnn_real
2011-09-29,25.53,23.0,23.0,cnn_real
2011-09-30,18.17,22.0,22.0,cnn_real
2011-10-03,14.59,20.0,20.0,cnn_real
2011-10-04,23.14,23.0,23.0,cnn_real
2011-10-05,27.21,27.0,27.0,cnn_real
2011-10-06,34.46,33.0,33.0,cnn_real
2011-10-07,37.6,31.0,31.0,cnn_real
2011-10-10,47.65,41.0,41.0,cnn_real
2011-10-11,45.09,41.0,41.0,cnn_real
2011-10-12,47.25,42.0,42.0,cnn_real
2011-10-13,45.05,42.0,42.0,cnn_real
2011-10-14,50.59,41.0,41.0,cnn_real
2011-10-17,46.44,48.0,48.0,cnn_real
2011-10-18,50.48,48.0,48.0,cnn_real
2011-10-19,48.15,48.0,48.0,cnn_real
2011-10-20,54.06,54.0,54.0,cnn_real
2011-10-21,55.65,66.0,66.0,cnn_real
2011-10-24,61.02,62.0,62.0,cnn_real
2011-10-25,50.35,62.0,62.0,cnn_real
2011-10-26,54.24,71.0,71.0,cnn_real
2011-10-27,66.05,67.0,67.0,cnn_real
2011-10-28,71.26,66.0,66.0,cnn_real
2011-10-31,69.13,62.0,62.0,cnn_real
2011-11-01,54.54,62.0,62.0,cnn_real
2011-11-02,53.64,62.0,62.0,cnn_real
2011-11-03,55.85,63.0,63.0,cnn_real
2011-11-04,53.95,60.0,60.0,cnn_real
2011-11-07,48.91,65.0,65.0,cnn_real
2011-11-08,54.4,65.0,65.0,cnn_real
2011-11-09,38.76,59.0,59.0,cnn_real
2011-11-10,40.44,60.0,60.0,cnn_real
2011-11-11,43.95,60.0,60.0,cnn_real
2011-11-14,43.87,54.0,54.0,cnn_real
2011-11-15,44.96,54.0,54.0,cnn_real
2011-11-16,42.48,55.0,55.0,cnn_real
2011-11-17,36.45,52.0,52.0,cnn_real
2011-11-18,33.07,46.0,46.0,cnn_real
2011-11-21,23.89,43.0,43.0,cnn_real
2011-11-22,29.15,41.0,41.0,cnn_real
2011-11-23,21.39,39.0,39.0,cnn_real
2011-11-25,15.88,51.0,51.0,cnn_real
2011-11-28,26.79,57.0,57.0,cnn_real
2011-11-29,30.86,62.0,62.0,cnn_real
2011-11-30,47.44,67.0,67.0,cnn_real
2011-12-01,47.73,61.0,61.0,cnn_real
2011-12-02,43.02,67.0,67.0,cnn_real
2011-12-05,46.54,66.0,66.0,cnn_real
2011-12-06,46.51,66.0,66.0,cnn_real
2011-12-07,42.59,66.0,66.0,cnn_real
2011-12-08,43.88,66.0,66.0,cnn_real
2011-12-09,49.07,65.0,65.0,cnn_real
2011-12-12,41.83,62.0,62.0,cnn_real
2011-12-13,40.2,56.0,56.0,cnn_real
2011-12-14,34.9,61.0,61.0,cnn_real
2011-12-15,37.67,61.0,61.0,cnn_real
2011-12-16,40.03,60.0,60.0,cnn_real
2011-12-19,37.76,74.0,74.0,cnn_real
2011-12-20,50.35,74.0,74.0,cnn_real
2011-12-21,49.09,74.0,74.0,cnn_real
2011-12-22,55.01,78.0,78.0,cnn_real
2011-12-23,57.91,77.0,77.0,cnn_real
2011-12-27,52.67,75.0,75.0,cnn_real
2011-12-28,48.0,75.0,75.0,cnn_real
2011-12-29,44.71,75.0,75.0,cnn_real
2011-12-30,42.39,75.0,75.0,cnn_real
2012-01-03,49.51,77.0,77.0,cnn_real
2012-01-04,49.79,77.0,77.0,cnn_real
2012-01-05,51.07,78.0,78.0,cnn_real
2012-01-06,52.38,78.0,78.0,cnn_real
2012-01-09,54.69,81.0,81.0,cnn_real
2012-01-10,53.25,82.0,82.0,cnn_real
2012-01-11,55.14,83.0,83.0,cnn_real
2012-01-12,58.59,83.0,83.0,cnn_real
2012-01-13,59.15,83.0,83.0,cnn_real
2012-01-17,61.39,88.0,88.0,cnn_real
2012-01-18,66.24,90.0,90.0,cnn_real
2012-01-19,70.48,89.0,89.0,cnn_real
2012-01-20,65.25,88.0,88.0,cnn_real
2012-01-23,66.75,87.0,87.0,cnn_real
2012-01-24,65.29,87.0,87.0,cnn_real
2012-01-25,66.0,84.0,84.0,cnn_real
2012-01-26,63.75,82.0,82.0,cnn_real
2012-01-27,66.45,82.0,82.0,cnn_real
2012-01-30,64.54,82.0,82.0,cnn_real
2012-01-31,65.32,85.0,85.0,cnn_real
2012-02-01,63.94,87.0,87.0,cnn_real
2012-02-02,63.8,88.0,88.0,cnn_real
2012-02-03,66.99,88.0,88.0,cnn_real
2012-02-06,66.88,88.0,88.0,cnn_real
2012-02-07,68.35,86.0,86.0,cnn_real
2012-02-08,68.01,86.0,86.0,cnn_real
2012-02-09,70.08,85.0,85.0,cnn_real
2012-02-10,66.03,83.0,83.0,cnn_real
2012-02-13,70.0,83.0,83.0,cnn_real
2012-02-14,69.1,81.0,81.0,cnn_real
2012-02-15,64.36,82.0,82.0,cnn_real
2012-02-16,67.16,81.0,81.0,cnn_real
2012-02-17,66.06,80.0,80.0,cnn_real
2012-02-21,66.81,79.0,79.0,cnn_real
2012-02-22,65.26,78.0,78.0,cnn_real
2012-02-23,65.66,79.0,79.0,cnn_real
2012-02-24,67.49,79.0,79.0,cnn_real
2012-02-27,67.29,75.0,75.0,cnn_real
2012-02-28,69.38,75.0,75.0,cnn_real
2012-02-29,68.74,72.0,72.0,cnn_real
2012-03-01,70.08,70.0,70.0,cnn_real
2012-03-02,68.72,68.0,68.0,cnn_real
2012-03-05,63.05,66.0,66.0,cnn_real
2012-03-06,59.04,63.0,63.0,cnn_real
2012-03-07,60.3,62.0,62.0,cnn_real
2012-03-08,63.5,63.0,63.0,cnn_real
2012-03-09,63.17,70.0,70.0,cnn_real
2012-03-12,65.49,74.0,74.0,cnn_real
2012-03-13,69.51,79.0,79.0,cnn_real
2012-03-14,71.73,79.0,79.0,cnn_real
2012-03-15,72.87,79.0,79.0,cnn_real
2012-03-16,68.99,77.0,77.0,cnn_real
2012-03-19,71.58,73.0,73.0,cnn_real
2012-03-20,70.49,73.0,73.0,cnn_real
2012-03-21,70.27,71.0,71.0,cnn_real
2012-03-22,68.86,66.0,66.0,cnn_real
2012-03-23,67.51,71.0,71.0,cnn_real
2012-03-26,71.79,66.0,66.0,cnn_real
2012-03-27,69.39,66.0,66.0,cnn_real
2012-03-28,68.17,62.0,62.0,cnn_real
2012-03-29,64.89,62.0,62.0,cnn_real
2012-03-30,65.68,63.0,63.0,cnn_real
2012-04-02,68.66,63.0,63.0,cnn_real
2012-04-03,72.37,61.0,61.0,cnn_real
2012-04-04,66.38,63.0,63.0,cnn_real
2012-04-05,64.57,55.0,55.0,cnn_real
2012-04-09,59.61,46.0,46.0,cnn_real
2012-04-10,54.3,39.0,39.0,cnn_real
2012-04-11,52.92,39.0,39.0,cnn_real
2012-04-12,54.29,38.0,38.0,cnn_real
2012-04-13,48.93,38.0,38.0,cnn_real
2012-04-16,47.31,37.0,37.0,cnn_real
2012-04-17,50.52,37.0,37.0,cnn_real
2012-04-18,49.46,36.0,36.0,cnn_real
2012-04-19,47.71,35.0,35.0,cnn_real
2012-04-20,47.25,35.0,35.0,cnn_real
2012-04-23,45.37,34.0,34.0,cnn_real
2012-04-24,42.78,34.0,34.0,cnn_real
2012-04-25,50.39,38.0,38.0,cnn_real
2012-04-26,51.64,40.0,40.0,cnn_real
2012-04-27,53.63,41.0,41.0,cnn_real
2012-04-30,51.69,43.0,43.0,cnn_real
2012-05-01,51.86,42.0,42.0,cnn_real
2012-05-02,50.65,42.0,42.0,cnn_real
2012-05-03,50.42,41.0,41.0,cnn_real
2012-05-04,44.25,41.0,41.0,cnn_real
2012-05-07,47.37,38.0,38.0,cnn_real
2012-05-08,48.44,32.0,32.0,cnn_real
2012-05-09,45.79,32.0,32.0,cnn_real
2012-05-10,43.54,32.0,32.0,cnn_real
2012-05-11,45.91,25.0,25.0,cnn_real
2012-05-14,43.36,23.0,23.0,cnn_real
2012-05-15,39.79,20.0,20.0,cnn_real
2012-05-16,37.63,14.0,14.0,cnn_real
2012-05-17,33.46,12.0,12.0,cnn_real
2012-05-18,31.15,12.0,12.0,cnn_real
2012-05-21,39.68,16.0,16.0,cnn_real
2012-05-22,39.59,15.0,15.0,cnn_real
2012-05-23,36.35,15.0,15.0,cnn_real
2012-05-24,35.03,14.0,14.0,cnn_real
2012-05-25,33.71,13.0,13.0,cnn_real
2012-05-29,37.93,14.0,14.0,cnn_real
2012-05-30,33.98,12.0,12.0,cnn_real
2012-05-31,30.88,10.0,10.0,cnn_real
2012-06-01,24.0,10.0,10.0,cnn_real
2012-06-04,30.06,14.0,14.0,cnn_real
2012-06-05,32.02,14.0,14.0,cnn_real
2012-06-06,39.6,15.0,15.0,cnn_real
2012-06-07,39.18,16.0,16.0,cnn_real
2012-06-08,41.18,19.0,19.0,cnn_real
2012-06-11,36.83,20.0,20.0,cnn_real
2012-06-12,42.79,22.0,22.0,cnn_real
2012-06-13,40.66,19.0,19.0,cnn_real
2012-06-14,44.35,27.0,27.0,cnn_real
2012-06-15,48.89,35.0,35.0,cnn_real
2012-06-18,51.99,36.0,36.0,cnn_real
2012-06-19,51.33,36.0,36.0,cnn_real
2012-06-20,51.68,36.0,36.0,cnn_real
2012-06-21,45.05,33.0,33.0,cnn_real
2012-06-22,49.11,33.0,33.0,cnn_real
2012-06-25,44.63,39.0,39.0,cnn_real
2012-06-26,43.69,41.0,41.0,cnn_real
2012-06-27,47.5,41.0,41.0,cnn_real
2012-06-28,47.23,48.0,48.0,cnn_real
2012-06-29,60.62,53.0,53.0,cnn_real
2012-07-02,58.21,56.0,56.0,cnn_real
2012-07-03,58.96,59.0,59.0,cnn_real
2012-07-05,54.15,55.0,55.0,cnn_real
2012-07-06,51.16,51.0,51.0,cnn_real
2012-07-09,49.54,46.0,46.0,cnn_real
2012-07-10,49.44,48.0,48.0,cnn_real
2012-07-11,45.83,44.0,44.0,cnn_real
2012-07-12,44.7,44.0,44.0,cnn_real
2012-07-13,46.93,45.0,45.0,cnn_real
2012-07-16,45.18,48.0,48.0,cnn_real
2012-07-17,46.08,52.0,52.0,cnn_real
2012-07-18,46.6,52.0,52.0,cnn_real
2012-07-19,48.64,51.0,51.0,cnn_real
2012-07-20,48.4,51.0,51.0,cnn_real
2012-07-23,43.39,47.0,47.0,cnn_real
2012-07-24,43.6,41.0,41.0,cnn_real
2012-07-25,41.17,51.0,51.0,cnn_real
2012-07-26,44.45,55.0,55.0,cnn_real
2012-07-27,53.07,61.0,61.0,cnn_real
2012-07-30,47.61,57.0,57.0,cnn_real
2012-07-31,47.17,55.0,55.0,cnn_real
2012-08-01,46.05,55.0,55.0,cnn_real
2012-08-02,44.99,49.0,49.0,cnn_real
2012-08-03,52.32,63.0,63.0,cnn_real
2012-08-06,54.17,71.0,71.0,cnn_real
2012-08-07,58.27,70.0,70.0,cnn_real
2012-08-08,58.94,73.0,73.0,cnn_real
2012-08-09,61.72,75.0,75.0,cnn_real
2012-08-10,58.97,70.0,70.0,cnn_real
2012-08-13,61.05,75.0,75.0,cnn_real
2012-08-14,60.71,74.0,74.0,cnn_real
2012-08-15,60.44,72.0,72.0,cnn_real
2012-08-16,62.73,78.0,78.0,cnn_real
2012-08-17,66.03,79.0,79.0,cnn_real
2012-08-20,67.55,75.0,75.0,cnn_real
2012-08-21,68.65,74.0,74.0,cnn_real
2012-08-22,69.37,74.0,74.0,cnn_real
2012-08-23,63.58,72.0,72.0,cnn_real
2012-08-24,60.5,70.0,70.0,cnn_real
2012-08-27,61.02,68.0,68.0,cnn_real
2012-08-28,61.72,68.0,68.0,cnn_real
2012-08-29,61.3,63.0,63.0,cnn_real
2012-08-30,59.41,63.0,63.0,cnn_real
2012-08-31,55.86,59.0,59.0,cnn_real
2012-09-04,55.27,71.0,71.0,cnn_real
2012-09-05,52.83,74.0,74.0,cnn_real
2012-09-06,59.35,76.0,76.0,cnn_real
2012-09-07,58.17,83.0,83.0,cnn_real
2012-09-10,54.97,78.0,78.0,cnn_real
2012-09-11,54.73,86.0,86.0,cnn_real
2012-09-12,55.27,84.0,84.0,cnn_real
2012-09-13,57.78,91.0,91.0,cnn_real
2012-09-14,58.7,93.0,93.0,cnn_real
2012-09-17,57.7,92.0,92.0,cnn_real
2012-09-18,57.3,92.0,92.0,cnn_real
2012-09-19,57.52,92.0,92.0,cnn_real
2012-09-20,57.9,93.0,93.0,cnn_real
2012-09-21,57.81,93.0,93.0,cnn_real
2012-09-24,54.16,81.0,81.0,cnn_real
2012-09-25,48.58,81.0,81.0,cnn_real
2012-09-26,45.04,70.0,70.0,cnn_real
2012-09-27,50.04,76.0,76.0,cnn_real
2012-09-28,48.34,71.0,71.0,cnn_real
2012-10-01,47.4,72.0,72.0,cnn_real
2012-10-02,48.1,75.0,75.0,cnn_real
2012-10-03,50.04,76.0,76.0,cnn_real
2012-10-04,46.99,77.0,77.0,cnn_real
2012-10-05,46.56,78.0,78.0,cnn_real
2012-10-08,44.86,72.0,72.0,cnn_real
2012-10-09,39.2,66.0,66.0,cnn_real
2012-10-10,35.28,59.0,59.0,cnn_real
2012-10-11,33.26,56.0,56.0,cnn_real
2012-10-12,30.19,56.0,56.0,cnn_real
2012-10-15,33.31,54.0,54.0,cnn_real
2012-10-16,39.02,63.0,63.0,cnn_real
2012-10-17,40.74,61.0,61.0,cnn_real
2012-10-18,38.69,53.0,53.0,cnn_real
2012-10-19,31.71,56.0,56.0,cnn_real
2012-10-22,35.33,56.0,56.0,cnn_real
2012-10-23,35.07,42.0,42.0,cnn_real
2012-10-24,37.33,45.0,45.0,cnn_real
2012-10-25,35.07,41.0,41.0,cnn_real
2012-10-26,36.12,40.0,40.0,cnn_real
2012-10-31,34.93,45.0,45.0,cnn_real
2012-11-01,39.17,50.0,50.0,cnn_real
2012-11-02,35.36,50.0,50.0,cnn_real
2012-11-05,34.84,46.0,46.0,cnn_real
2012-11-06,36.96,47.0,47.0,cnn_real
2012-11-07,30.46,45.0,45.0,cnn_real
2012-11-08,27.85,40.0,40.0,cnn_real
2012-11-09,30.84,39.0,39.0,cnn_real
2012-11-12,31.13,35.0,35.0,cnn_real
2012-11-13,28.87,37.0,37.0,cnn_real
2012-11-14,23.78,31.0,31.0,cnn_real
2012-11-15,20.6,28.0,28.0,cnn_real
2012-11-16,20.95,28.0,28.0,cnn_real
2012-11-19,29.74,38.0,38.0,cnn_real
2012-11-20,35.44,42.0,42.0,cnn_real
2012-11-21,34.52,39.0,39.0,cnn_real
2012-11-23,41.53,47.0,47.0,cnn_real
2012-11-26,42.03,47.0,47.0,cnn_real
2012-11-27,39.55,49.0,49.0,cnn_real
2012-11-28,43.19,49.0,49.0,cnn_real
2012-11-29,46.81,52.0,52.0,cnn_real
2012-11-30,43.56,50.0,50.0,cnn_real
2012-12-03,44.92,45.0,45.0,cnn_real
2012-12-04,44.14,45.0,45.0,cnn_real
2012-12-05,39.1,45.0,45.0,cnn_real
2012-12-06,46.67,45.0,45.0,cnn_real
2012-12-07,48.73,51.0,51.0,cnn_real
2012-12-10,48.65,55.0,55.0,cnn_real
2012-12-11,53.3,55.0,55.0,cnn_real
2012-12-12,55.75,58.0,58.0,cnn_real
2012-12-13,56.24,60.0,60.0,cnn_real
2012-12-14,53.15,57.0,57.0,cnn_real
2012-12-17,57.57,64.0,64.0,cnn_real
2012-12-18,57.6,67.0,67.0,cnn_real
2012-12-19,54.15,64.0,64.0,cnn_real
2012-12-20,53.99,59.0,59.0,cnn_real
2012-12-21,45.82,56.0,56.0,cnn_real
2012-12-24,44.85,51.0,51.0,cnn_real
2012-12-26,42.85,58.0,58.0,cnn_real
2012-12-27,41.1,58.0,58.0,cnn_real
2012-12-28,36.17,66.0,66.0,cnn_real
2012-12-31,44.16,66.0,66.0,cnn_real
2013-01-02,54.36,68.0,68.0,cnn_real
2013-01-03,54.34,69.0,69.0,cnn_real
2013-01-04,55.23,82.0,82.0,cnn_real
2013-01-07,53.92,82.0,82.0,cnn_real
2013-01-08,53.07,80.0,80.0,cnn_real
2013-01-09,54.06,81.0,81.0,cnn_real
2013-01-10,53.5,85.0,85.0,cnn_real
2013-01-11,52.14,85.0,85.0,cnn_real
2013-01-14,52.2,86.0,86.0,cnn_real
2013-01-15,52.52,89.0,89.0,cnn_real
2013-01-16,49.56,85.0,85.0,cnn_real
2013-01-17,49.3,86.0,86.0,cnn_real
2013-01-18,50.13,89.0,89.0,cnn_real
2013-01-22,50.35,89.0,89.0,cnn_real
2013-01-23,54.96,92.0,92.0,cnn_real
2013-01-24,52.57,92.0,92.0,cnn_real
2013-01-25,57.08,91.0,91.0,cnn_real
2013-01-28,58.61,93.0,93.0,cnn_real
2013-01-29,61.38,94.0,94.0,cnn_real
2013-01-30,54.79,93.0,93.0,cnn_real
2013-01-31,47.41,89.0,89.0,cnn_real
2013-02-01,51.64,88.0,88.0,cnn_real
2013-02-04,45.02,80.0,80.0,cnn_real
2013-02-05,50.51,88.0,88.0,cnn_real
2013-02-06,49.45,81.0,81.0,cnn_real
2013-02-07,48.52,85.0,85.0,cnn_real
2013-02-08,49.64,83.0,83.0,cnn_real
2013-02-11,50.27,82.0,82.0,cnn_real
2013-02-12,50.49,82.0,82.0,cnn_real
2013-02-13,53.5,83.0,83.0,cnn_real
2013-02-14,52.28,87.0,87.0,cnn_real
2013-02-15,49.56,84.0,84.0,cnn_real
2013-02-19,52.84,81.0,81.0,cnn_real
2013-02-20,47.33,79.0,79.0,cnn_real
2013-02-21,43.51,68.0,68.0,cnn_real
2013-02-22,47.79,78.0,78.0,cnn_real
2013-02-25,39.15,62.0,62.0,cnn_real
2013-02-26,40.94,61.0,61.0,cnn_real
2013-02-27,44.18,56.0,56.0,cnn_real
2013-02-28,44.25,61.0,61.0,cnn_real
2013-03-01,45.99,60.0,60.0,cnn_real
2013-03-04,45.0,60.0,60.0,cnn_real
2013-03-05,54.95,71.0,71.0,cnn_real
2013-03-06,51.69,69.0,69.0,cnn_real
2013-03-07,55.47,73.0,73.0,cnn_real
2013-03-08,57.64,82.0,82.0,cnn_real
2013-03-11,57.25,79.0,79.0,cnn_real
2013-03-12,55.1,77.0,77.0,cnn_real
2013-03-13,54.8,77.0,77.0,cnn_real
2013-03-14,54.77,79.0,79.0,cnn_real
2013-03-15,53.69,77.0,77.0,cnn_real
2013-03-18,52.39,70.0,70.0,cnn_real
2013-03-19,49.41,73.0,73.0,cnn_real
2013-03-20,56.49,69.0,69.0,cnn_real
2013-03-21,54.09,69.0,69.0,cnn_real
2013-03-22,55.48,69.0,69.0,cnn_real
2013-03-25,58.6,70.0,70.0,cnn_real
2013-03-26,58.7,68.0,68.0,cnn_real
2013-03-27,55.73,70.0,70.0,cnn_real
2013-03-28,58.02,72.0,72.0,cnn_real
2013-04-01,55.74,63.0,63.0,cnn_real
2013-04-02,57.56,63.0,63.0,cnn_real
2013-04-03,50.12,59.0,59.0,cnn_real
2013-04-04,48.34,55.0,55.0,cnn_real
2013-04-05,42.97,52.0,52.0,cnn_real
2013-04-08,43.75,53.0,53.0,cnn_real
2013-04-09,46.38,56.0,56.0,cnn_real
2013-04-10,56.49,56.0,56.0,cnn_real
2013-04-11,56.0,57.0,57.0,cnn_real
2013-04-12,53.07,57.0,57.0,cnn_real
2013-04-15,45.85,41.0,41.0,cnn_real
2013-04-16,53.92,52.0,52.0,cnn_real
2013-04-17,47.03,47.0,47.0,cnn_real
2013-04-18,38.72,35.0,35.0,cnn_real
2013-04-19,46.27,41.0,41.0,cnn_real
2013-04-22,48.96,42.0,42.0,cnn_real
2013-04-23,54.06,46.0,46.0,cnn_real
2013-04-24,53.06,48.0,48.0,cnn_real
2013-04-25,56.99,53.0,53.0,cnn_real
2013-04-26,53.21,53.0,53.0,cnn_real
2013-04-29,58.14,60.0,60.0,cnn_real
2013-04-30,59.81,61.0,61.0,cnn_real
2013-05-01,59.07,62.0,62.0,cnn_real
2013-05-02,65.86,63.0,63.0,cnn_real
2013-05-03,74.87,64.0,64.0,cnn_real
2013-05-06,74.79,73.0,73.0,cnn_real
2013-05-07,73.12,78.0,78.0,cnn_real
2013-05-08,69.71,77.0,77.0,cnn_real
2013-05-09,69.08,76.0,76.0,cnn_real
2013-05-10,73.37,77.0,77.0,cnn_real
2013-05-13,78.18,80.0,80.0,cnn_real
2013-05-14,76.48,86.0,86.0,cnn_real
2013-05-15,79.78,87.0,87.0,cnn_real
2013-05-16,80.56,85.0,85.0,cnn_real
2013-05-17,82.45,91.0,91.0,cnn_real
2013-05-20,79.77,83.0,83.0,cnn_real
2013-05-21,76.9,83.0,83.0,cnn_real
2013-05-22,74.62,83.0,83.0,cnn_real
2013-05-23,71.04,80.0,80.0,cnn_real
2013-05-24,72.05,75.0,75.0,cnn_real
2013-05-28,75.05,67.0,67.0,cnn_real
2013-05-29,69.77,66.0,66.0,cnn_real
2013-05-30,73.95,72.0,72.0,cnn_real
2013-05-31,66.18,60.0,60.0,cnn_real
2013-06-03,61.53,55.0,55.0,cnn_real
2013-06-04,59.39,48.0,48.0,cnn_real
2013-06-05,52.13,32.0,32.0,cnn_real
2013-06-06,53.0,34.0,34.0,cnn_real
2013-06-07,60.39,40.0,40.0,cnn_real
2013-06-10,58.89,34.0,34.0,cnn_real
2013-06-11,53.32,31.0,31.0,cnn_real
2013-06-12,47.9,30.0,30.0,cnn_real
2013-06-13,52.05,30.0,30.0,cnn_real
2013-06-14,50.79,29.0,29.0,cnn_real
2013-06-17,51.58,24.0,24.0,cnn_real
2013-06-18,55.18,24.0,24.0,cnn_real
2013-06-19,53.62,21.0,21.0,cnn_real
2013-06-20,45.5,19.0,19.0,cnn_real
2013-06-21,45.75,19.0,19.0,cnn_real
2013-06-24,41.62,18.0,18.0,cnn_real
2013-06-25,42.23,19.0,19.0,cnn_real
2013-06-26,47.08,20.0,20.0,cnn_real
2013-06-27,45.99,21.0,21.0,cnn_real
2013-06-28,48.08,22.0,22.0,cnn_real
2013-07-01,50.46,25.0,25.0,cnn_real
2013-07-02,49.1,29.0,29.0,cnn_real
2013-07-03,56.4,30.0,30.0,cnn_real
2013-07-05,61.36,38.0,38.0,cnn_real
2013-07-08,57.28,40.0,40.0,cnn_real
2013-07-09,58.53,48.0,48.0,cnn_real
2013-07-10,65.49,49.0,49.0,cnn_real
2013-07-11,71.35,51.0,51.0,cnn_real
2013-07-12,71.65,61.0,61.0,cnn_real
2013-07-15,72.29,60.0,60.0,cnn_real
2013-07-16,68.71,62.0,62.0,cnn_real
2013-07-17,66.95,57.0,57.0,cnn_real
2013-07-18,67.98,62.0,62.0,cnn_real
2013-07-19,64.56,68.0,68.0,cnn_real
2013-07-22,64.69,63.0,63.0,cnn_real
2013-07-23,64.18,65.0,65.0,cnn_real
2013-07-24,62.05,64.0,64.0,cnn_real
2013-07-25,62.83,62.0,62.0,cnn_real
2013-07-26,65.37,64.0,64.0,cnn_real
2013-07-29,65.33,59.0,59.0,cnn_real
2013-07-30,65.98,62.0,62.0,cnn_real
2013-07-31,67.98,61.0,61.0,cnn_real
2013-08-01,69.93,68.0,68.0,cnn_real
2013-08-02,65.51,62.0,62.0,cnn_real
2013-08-05,65.51,61.0,61.0,cnn_real
2013-08-06,61.7,54.0,54.0,cnn_real
2013-08-07,56.1,47.0,47.0,cnn_real
2013-08-08,55.73,52.0,52.0,cnn_real
2013-08-09,52.64,44.0,44.0,cnn_real
2013-08-12,54.28,50.0,50.0,cnn_real
2013-08-13,59.68,50.0,50.0,cnn_real
2013-08-14,57.49,46.0,46.0,cnn_real
2013-08-15,50.12,43.0,43.0,cnn_real
2013-08-16,54.86,39.0,39.0,cnn_real
2013-08-19,54.3,32.0,32.0,cnn_real
2013-08-20,56.84,26.0,26.0,cnn_real
2013-08-21,55.87,26.0,26.0,cnn_real
2013-08-22,59.21,32.0,32.0,cnn_real
2013-08-23,59.66,27.0,27.0,cnn_real
2013-08-26,59.08,25.0,25.0,cnn_real
2013-08-27,46.38,18.0,18.0,cnn_real
2013-08-28,48.5,24.0,24.0,cnn_real
2013-08-29,48.34,23.0,23.0,cnn_real
2013-08-30,46.26,20.0,20.0,cnn_real
2013-09-03,48.82,17.0,17.0,cnn_real
2013-09-04,56.42,28.0,28.0,cnn_real
2013-09-05,61.1,33.0,33.0,cnn_real
2013-09-06,59.96,36.0,36.0,cnn_real
2013-09-09,64.23,43.0,43.0,cnn_real
2013-09-10,67.34,52.0,52.0,cnn_real
2013-09-11,60.92,47.0,47.0,cnn_real
2013-09-12,61.26,46.0,46.0,cnn_real
2013-09-13,62.79,48.0,48.0,cnn_real
2013-09-16,61.06,50.0,50.0,cnn_real
2013-09-17,62.95,54.0,54.0,cnn_real
2013-09-18,62.93,56.0,56.0,cnn_real
2013-09-19,63.88,62.0,62.0,cnn_real
2013-09-20,58.33,57.0,57.0,cnn_real
2013-09-23,55.72,49.0,49.0,cnn_real
2013-09-24,54.66,48.0,48.0,cnn_real
2013-09-25,58.92,47.0,47.0,cnn_real
2013-09-26,60.47,39.0,39.0,cnn_real
2013-09-27,57.51,41.0,41.0,cnn_real
2013-09-30,56.84,35.0,35.0,cnn_real
2013-10-01,60.21,40.0,40.0,cnn_real
2013-10-02,54.72,35.0,35.0,cnn_real
2013-10-03,47.07,29.0,29.0,cnn_real
2013-10-04,51.97,34.0,34.0,cnn_real
2013-10-07,45.4,27.0,27.0,cnn_real
2013-10-08,34.33,20.0,20.0,cnn_real
2013-10-09,36.19,29.0,29.0,cnn_real
2013-10-10,45.8,35.0,35.0,cnn_real
2013-10-11,48.94,31.0,31.0,cnn_real
2013-10-14,52.87,39.0,39.0,cnn_real
2013-10-15,49.62,39.0,39.0,cnn_real
2013-10-16,53.33,46.0,46.0,cnn_real
2013-10-17,51.47,48.0,48.0,cnn_real
2013-10-18,58.26,56.0,56.0,cnn_real
2013-10-21,61.27,53.0,53.0,cnn_real
2013-10-22,61.11,55.0,55.0,cnn_real
2013-10-23,60.53,61.0,61.0,cnn_real
2013-10-24,60.35,62.0,62.0,cnn_real
2013-10-25,62.84,62.0,62.0,cnn_real
2013-10-28,63.52,64.0,64.0,cnn_real
2013-10-29,59.93,64.0,64.0,cnn_real
2013-10-30,60.28,64.0,64.0,cnn_real
2013-10-31,62.49,66.0,66.0,cnn_real
2013-11-01,60.71,67.0,67.0,cnn_real
2013-11-04,64.02,68.0,68.0,cnn_real
2013-11-05,69.64,68.0,68.0,cnn_real
2013-11-06,68.77,68.0,68.0,cnn_real
2013-11-07,54.05,68.0,68.0,cnn_real
2013-11-08,62.24,68.0,68.0,cnn_real
2013-11-11,57.79,67.0,67.0,cnn_real
2013-11-12,59.0,69.0,69.0,cnn_real
2013-11-13,61.91,70.0,70.0,cnn_real
2013-11-14,61.74,70.0,70.0,cnn_real
2013-11-15,58.94,71.0,71.0,cnn_real
2013-11-18,50.95,71.0,71.0,cnn_real
2013-11-19,52.83,67.0,67.0,cnn_real
2013-11-20,55.29,68.0,68.0,cnn_real
2013-11-21,58.19,68.0,68.0,cnn_real
2013-11-22,57.75,68.0,68.0,cnn_real
2013-11-25,58.11,66.0,66.0,cnn_real
2013-11-26,58.84,64.0,64.0,cnn_real
2013-11-27,61.65,67.0,67.0,cnn_real
2013-11-29,64.03,70.0,70.0,cnn_real
2013-12-02,62.81,66.0,66.0,cnn_real
2013-12-03,60.57,65.0,65.0,cnn_real
2013-12-04,60.33,65.0,65.0,cnn_real
2013-12-05,60.79,57.0,57.0,cnn_real
2013-12-06,69.84,63.0,63.0,cnn_real
2013-12-09,63.1,53.0,53.0,cnn_real
2013-12-10,61.27,52.0,52.0,cnn_real
2013-12-11,55.17,51.0,51.0,cnn_real
2013-12-12,51.96,43.0,43.0,cnn_real
2013-12-13,51.53,38.0,38.0,cnn_real
2013-12-16,53.21,45.0,45.0,cnn_real
2013-12-17,55.76,38.0,38.0,cnn_real
2013-12-18,62.18,49.0,49.0,cnn_real
2013-12-19,60.05,50.0,50.0,cnn_real
2013-12-20,58.55,52.0,52.0,cnn_real
2013-12-23,63.9,61.0,61.0,cnn_real
2013-12-24,64.42,66.0,66.0,cnn_real
2013-12-26,65.55,63.0,63.0,cnn_real
2013-12-27,62.1,72.0,72.0,cnn_real
2013-12-30,57.7,70.0,70.0,cnn_real
2013-12-31,60.93,77.0,77.0,cnn_real
2014-01-02,56.86,71.0,71.0,cnn_real
2014-01-03,50.95,66.0,66.0,cnn_real
2014-01-06,47.47,64.0,64.0,cnn_real
2014-01-07,50.26,67.0,67.0,cnn_real
2014-01-08,52.12,64.0,64.0,cnn_real
2014-01-09,51.54,68.0,68.0,cnn_real
2014-01-10,52.91,66.0,66.0,cnn_real
2014-01-13,43.0,61.0,61.0,cnn_real
2014-01-14,56.4,68.0,68.0,cnn_real
2014-01-15,59.04,65.0,65.0,cnn_real
2014-01-16,59.47,63.0,63.0,cnn_real
2014-01-17,50.75,59.0,59.0,cnn_real
2014-01-21,54.98,62.0,62.0,cnn_real
2014-01-22,56.76,45.0,45.0,cnn_real
2014-01-23,47.33,46.0,46.0,cnn_real
2014-01-24,32.31,27.0,27.0,cnn_real
2014-01-27,26.82,25.0,25.0,cnn_real
2014-01-28,26.54,29.0,29.0,cnn_real
2014-01-29,19.69,20.0,20.0,cnn_real
2014-01-30,26.62,18.0,18.0,cnn_real
2014-01-31,25.87,20.0,20.0,cnn_real
2014-02-03,11.67,13.0,13.0,cnn_real
2014-02-04,19.57,15.0,15.0,cnn_real
2014-02-05,17.92,20.0,20.0,cnn_real
2014-02-06,24.22,17.0,17.0,cnn_real
2014-02-07,35.3,22.0,22.0,cnn_real
2014-02-10,40.03,28.0,28.0,cnn_real
2014-02-11,53.08,29.0,29.0,cnn_real
2014-02-12,48.15,32.0,32.0,cnn_real
2014-02-13,46.83,32.0,32.0,cnn_real
2014-02-14,48.86,30.0,30.0,cnn_real
2014-02-18,51.93,42.0,42.0,cnn_real
2014-02-19,44.94,39.0,39.0,cnn_real
2014-02-20,47.32,45.0,45.0,cnn_real
2014-02-21,49.57,48.0,48.0,cnn_real
2014-02-24,59.85,55.0,55.0,cnn_real
2014-02-25,58.69,57.0,57.0,cnn_real
2014-02-26,57.31,58.0,58.0,cnn_real
2014-02-27,63.09,62.0,62.0,cnn_real
2014-02-28,57.66,56.0,56.0,cnn_real
2014-03-03,52.88,63.0,63.0,cnn_real
2014-03-04,73.22,66.0,66.0,cnn_real
2014-03-05,69.31,78.0,78.0,cnn_real
2014-03-06,68.76,80.0,80.0,cnn_real
2014-03-07,61.59,81.0,81.0,cnn_real
2014-03-10,57.9,81.0,81.0,cnn_real
2014-03-11,53.16,76.0,76.0,cnn_real
2014-03-12,49.14,57.0,57.0,cnn_real
2014-03-13,36.08,49.0,49.0,cnn_real
2014-03-14,31.62,44.0,44.0,cnn_real
2014-03-17,37.83,49.0,49.0,cnn_real
2014-03-18,43.87,51.0,51.0,cnn_real
2014-03-19,44.45,53.0,53.0,cnn_real
2014-03-20,43.96,54.0,54.0,cnn_real
2014-03-21,34.43,56.0,56.0,cnn_real
2014-03-24,26.89,49.0,49.0,cnn_real
2014-03-25,31.02,43.0,43.0,cnn_real
2014-03-26,22.89,43.0,43.0,cnn_real
2014-03-27,19.01,34.0,34.0,cnn_real
2014-03-28,21.33,36.0,36.0,cnn_real
2014-03-31,29.54,50.0,50.0,cnn_real
2014-04-01,34.21,51.0,51.0,cnn_real
2014-04-02,36.41,53.0,53.0,cnn_real
2014-04-03,30.04,51.0,51.0,cnn_real
2014-04-04,13.38,49.0,49.0,cnn_real
2014-04-07,7.0,35.0,35.0,cnn_real
2014-04-08,12.75,34.0,34.0,cnn_real
2014-04-09,22.89,31.0,31.0,cnn_real
2014-04-10,11.53,31.0,31.0,cnn_real
2014-04-11,8.73,21.0,21.0,cnn_real
2014-04-14,8.13,23.0,23.0,cnn_real
2014-04-15,7.12,23.0,23.0,cnn_real
2014-04-16,12.76,28.0,28.0,cnn_real
2014-04-17,14.34,28.0,28.0,cnn_real
2014-04-21,22.09,38.0,38.0,cnn_real
2014-04-22,28.46,40.0,40.0,cnn_real
2014-04-23,22.01,40.0,40.0,cnn_real
2014-04-24,31.13,39.0,39.0,cnn_real
2014-04-25,24.95,35.0,35.0,cnn_real
2014-04-28,25.57,34.0,34.0,cnn_real
2014-04-29,27.91,34.0,34.0,cnn_real
2014-04-30,22.97,33.0,33.0,cnn_real
2014-05-01,21.09,30.0,30.0,cnn_real
2014-05-02,22.35,32.0,32.0,cnn_real
2014-05-05,32.79,34.0,34.0,cnn_real
2014-05-06,29.74,34.0,34.0,cnn_real
2014-05-07,27.37,33.0,33.0,cnn_real
2014-05-08,23.17,33.0,33.0,cnn_real
2014-05-09,34.14,42.0,42.0,cnn_real
2014-05-12,47.61,45.0,45.0,cnn_real
2014-05-13,44.0,39.0,39.0,cnn_real
2014-05-14,39.36,38.0,38.0,cnn_real
2014-05-15,31.19,28.0,28.0,cnn_real
2014-05-16,33.26,28.0,28.0,cnn_real
2014-05-19,36.3,26.0,26.0,cnn_real
2014-05-20,31.8,21.0,21.0,cnn_real
2014-05-21,40.21,29.0,29.0,cnn_real
2014-05-22,40.69,36.0,36.0,cnn_real
2014-05-23,47.51,37.0,37.0,cnn_real
2014-05-27,51.59,40.0,40.0,cnn_real
2014-05-28,45.62,42.0,42.0,cnn_real
2014-05-29,50.63,42.0,42.0,cnn_real
2014-05-30,52.57,45.0,45.0,cnn_real
2014-06-02,54.37,58.0,58.0,cnn_real
2014-06-03,54.57,66.0,66.0,cnn_real
2014-06-04,60.08,66.0,66.0,cnn_real
2014-06-05,63.35,81.0,81.0,cnn_real
2014-06-06,66.4,81.0,81.0,cnn_real
2014-06-09,65.36,89.0,89.0,cnn_real
2014-06-10,61.36,90.0,90.0,cnn_real
2014-06-11,61.79,88.0,88.0,cnn_real
2014-06-12,58.45,83.0,83.0,cnn_real
2014-06-13,63.92,85.0,85.0,cnn_real
2014-06-16,61.18,87.0,87.0,cnn_real
2014-06-17,60.55,88.0,88.0,cnn_real
2014-06-18,63.62,94.0,94.0,cnn_real
2014-06-19,61.62,95.0,95.0,cnn_real
2014-06-20,58.63,95.0,95.0,cnn_real
2014-06-23,57.89,93.0,93.0,cnn_real
2014-06-24,52.9,83.0,83.0,cnn_real
2014-06-25,58.61,83.0,83.0,cnn_real
2014-06-26,54.51,77.0,77.0,cnn_real
2014-06-27,55.58,76.0,76.0,cnn_real
2014-06-30,54.65,87.0,87.0,cnn_real
2014-07-01,58.05,87.0,87.0,cnn_real
2014-07-02,59.48,87.0,87.0,cnn_real
2014-07-03,60.33,86.0,86.0,cnn_real
2014-07-07,55.69,68.0,68.0,cnn_real
2014-07-08,46.4,74.0,74.0,cnn_real
2014-07-09,48.21,62.0,62.0,cnn_real
2014-07-10,45.78,56.0,56.0,cnn_real
2014-07-11,52.23,57.0,57.0,cnn_real
2014-07-14,54.62,59.0,59.0,cnn_real
2014-07-15,52.72,56.0,56.0,cnn_real
2014-07-16,51.33,55.0,55.0,cnn_real
2014-07-17,39.9,32.0,32.0,cnn_real
2014-07-18,48.45,46.0,46.0,cnn_real
2014-07-21,48.01,37.0,37.0,cnn_real
2014-07-22,50.29,38.0,38.0,cnn_real
2014-07-23,55.41,39.0,39.0,cnn_real
2014-07-24,56.0,42.0,42.0,cnn_real
2014-07-25,52.54,34.0,34.0,cnn_real
2014-07-28,51.3,34.0,34.0,cnn_real
2014-07-29,49.09,31.0,31.0,cnn_real
2014-07-30,48.22,26.0,26.0,cnn_real
2014-07-31,33.46,10.0,10.0,cnn_real
2014-08-01,27.93,5.0,5.0,cnn_real
2014-08-04,34.1,5.0,5.0,cnn_real
2014-08-05,33.82,5.0,5.0,cnn_real
2014-08-06,33.43,5.0,5.0,cnn_real
2014-08-07,32.01,5.0,5.0,cnn_real
2014-08-08,36.28,10.0,10.0,cnn_real
2014-08-11,38.35,7.0,7.0,cnn_real
2014-08-12,39.28,8.0,8.0,cnn_real
2014-08-13,44.85,13.0,13.0,cnn_real
2014-08-14,54.75,16.0,16.0,cnn_real
2014-08-15,49.85,14.0,14.0,cnn_real
2014-08-18,55.72,26.0,26.0,cnn_real
2014-08-19,56.65,31.0,31.0,cnn_real
2014-08-20,56.28,37.0,37.0,cnn_real
2014-08-21,53.17,36.0,36.0,cnn_real
2014-08-22,55.93,37.0,37.0,cnn_real
2014-08-25,57.3,35.0,35.0,cnn_real
2014-08-26,58.94,36.0,36.0,cnn_real
2014-08-27,54.75,33.0,33.0,cnn_real
2014-08-28,58.87,33.0,33.0,cnn_real
2014-08-29,64.04,41.0,41.0,cnn_real
2014-09-02,64.76,48.0,48.0,cnn_real
2014-09-03,62.94,48.0,48.0,cnn_real
2014-09-04,63.38,47.0,47.0,cnn_real
2014-09-05,67.78,50.0,50.0,cnn_real
2014-09-08,66.13,47.0,47.0,cnn_real
2014-09-09,58.91,42.0,42.0,cnn_real
2014-09-10,63.86,45.0,45.0,cnn_real
2014-09-11,61.79,44.0,44.0,cnn_real
2014-09-12,59.84,43.0,43.0,cnn_real
2014-09-15,53.95,38.0,38.0,cnn_real
2014-09-16,55.28,37.0,37.0,cnn_real
2014-09-17,56.66,42.0,42.0,cnn_real
2014-09-18,58.3,37.0,37.0,cnn_real
2014-09-19,56.12,36.0,36.0,cnn_real
2014-09-22,50.62,22.0,22.0,cnn_real
2014-09-23,45.74,18.0,18.0,cnn_real
2014-09-24,51.24,17.0,17.0,cnn_real
2014-09-25,37.65,8.0,8.0,cnn_real
2014-09-26,45.5,13.0,13.0,cnn_real
2014-09-29,42.5,11.0,11.0,cnn_real
2014-09-30,41.0,12.0,12.0,cnn_real
2014-10-01,32.43,7.0,7.0,cnn_real
2014-10-02,32.03,3.0,3.0,cnn_real
2014-10-03,36.65,5.0,5.0,cnn_real
2014-10-06,34.39,5.0,5.0,cnn_real
2014-10-07,25.45,6.0,6.0,cnn_real
2014-10-08,31.3,4.0,4.0,cnn_real
2014-10-09,21.05,3.0,3.0,cnn_real
2014-10-10,5.99,1.0,1.0,cnn_real
2014-10-13,0.0,0.0,0.0,cnn_real
2014-10-14,0.0,2.0,2.0,cnn_real
2014-10-15,0.0,1.0,1.0,cnn_real
2014-10-16,0.0,2.0,2.0,cnn_real
2014-10-17,3.01,7.0,7.0,cnn_real
2014-10-20,13.98,5.0,5.0,cnn_real
2014-10-21,30.7,7.0,7.0,cnn_real
2014-10-22,24.54,8.0,8.0,cnn_real
2014-10-23,39.73,11.0,11.0,cnn_real
2014-10-24,40.91,13.0,13.0,cnn_real
2014-10-27,41.06,16.0,16.0,cnn_real
2014-10-28,48.04,21.0,21.0,cnn_real
2014-10-29,52.98,25.0,25.0,cnn_real
2014-10-30,52.24,31.0,31.0,cnn_real
2014-10-31,55.46,32.0,32.0,cnn_real
2014-11-03,57.72,40.0,40.0,cnn_real
2014-11-04,60.76,40.0,40.0,cnn_real
2014-11-05,58.08,49.0,49.0,cnn_real
2014-11-06,65.93,49.0,49.0,cnn_real
2014-11-07,70.83,55.0,55.0,cnn_real
2014-11-10,79.29,57.0,57.0,cnn_real
2014-11-11,80.17,58.0,58.0,cnn_real
2014-11-12,82.24,56.0,56.0,cnn_real
2014-11-13,80.93,54.0,54.0,cnn_real
2014-11-14,74.66,53.0,53.0,cnn_real
2014-11-17,69.9,53.0,53.0,cnn_real
2014-11-18,64.48,54.0,54.0,cnn_real
2014-11-19,65.56,55.0,55.0,cnn_real
2014-11-20,62.48,59.0,59.0,cnn_real
2014-11-21,61.13,59.0,59.0,cnn_real
2014-11-24,64.13,62.0,62.0,cnn_real
2014-11-25,59.29,62.0,62.0,cnn_real
2014-11-26,60.32,63.0,63.0,cnn_real
2014-11-28,58.14,59.0,59.0,cnn_real
2014-12-01,48.89,55.0,55.0,cnn_real
2014-12-02,52.87,55.0,55.0,cnn_real
2014-12-03,55.25,59.0,59.0,cnn_real
2014-12-04,53.51,59.0,59.0,cnn_real
2014-12-05,53.0,61.0,61.0,cnn_real
2014-12-08,49.4,55.0,55.0,cnn_real
2014-12-09,47.21,46.0,46.0,cnn_real
2014-12-10,35.72,41.0,41.0,cnn_real
2014-12-11,37.38,37.0,37.0,cnn_real
2014-12-12,29.65,31.0,31.0,cnn_real
2014-12-15,25.99,22.0,22.0,cnn_real
2014-12-16,18.43,19.0,19.0,cnn_real
2014-12-17,29.97,21.0,21.0,cnn_real
2014-12-18,41.76,33.0,33.0,cnn_real
2014-12-19,43.49,33.0,33.0,cnn_real
2014-12-22,43.67,43.0,43.0,cnn_real
2014-12-23,44.76,45.0,45.0,cnn_real
2014-12-24,45.67,47.0,47.0,cnn_real
2014-12-26,47.21,48.0,48.0,cnn_real
2014-12-29,48.33,47.0,47.0,cnn_real
2014-12-30,47.27,47.0,47.0,cnn_real
2014-12-31,37.75,45.0,45.0,cnn_real
2015-01-02,34.76,37.0,37.0,cnn_real
2015-01-05,25.66,30.0,30.0,cnn_real
2015-01-06,16.02,21.0,21.0,cnn_real
2015-01-07,26.08,21.0,21.0,cnn_real
2015-01-08,37.52,28.0,28.0,cnn_real
2015-01-09,39.42,29.0,29.0,cnn_real
2015-01-12,32.91,30.0,30.0,cnn_real
2015-01-13,38.18,29.0,29.0,cnn_real
2015-01-14,35.85,30.0,30.0,cnn_real
2015-01-15,30.95,30.0,30.0,cnn_real
2015-01-16,31.2,26.0,26.0,cnn_real
2015-01-20,27.38,25.0,25.0,cnn_real
2015-01-21,30.6,28.0,28.0,cnn_real
2015-01-22,40.12,32.0,32.0,cnn_real
2015-01-23,35.83,31.0,31.0,cnn_real
2015-01-26,36.92,28.0,28.0,cnn_real
2015-01-27,25.03,28.0,28.0,cnn_real
2015-01-28,20.3,26.0,26.0,cnn_real
2015-01-29,27.87,26.0,26.0,cnn_real
2015-01-30,22.78,25.0,25.0,cnn_real
2015-02-02,29.59,30.0,30.0,cnn_real
2015-02-03,43.46,46.0,46.0,cnn_real
2015-02-04,46.17,42.0,42.0,cnn_real
2015-02-05,49.11,50.0,50.0,cnn_real
2015-02-06,44.1,52.0,52.0,cnn_real
2015-02-09,43.67,52.0,52.0,cnn_real
2015-02-10,54.73,54.0,54.0,cnn_real
2015-02-11,56.35,61.0,61.0,cnn_real
2015-02-12,63.61,64.0,64.0,cnn_real
2015-02-13,73.07,73.0,73.0,cnn_real
2015-02-17,70.05,77.0,77.0,cnn_real
2015-02-18,69.23,79.0,79.0,cnn_real
2015-02-19,68.18,77.0,77.0,cnn_real
2015-02-20,66.89,80.0,80.0,cnn_real
2015-02-23,67.41,77.0,77.0,cnn_real
2015-02-24,65.03,75.0,75.0,cnn_real
2015-02-25,68.85,77.0,77.0,cnn_real
2015-02-26,75.75,78.0,78.0,cnn_real
2015-02-27,69.71,74.0,74.0,cnn_real
2015-03-02,79.69,74.0,74.0,cnn_real
2015-03-03,74.97,66.0,66.0,cnn_real
2015-03-04,68.04,66.0,66.0,cnn_real
2015-03-05,70.01,65.0,65.0,cnn_real
2015-03-06,63.57,58.0,58.0,cnn_real
2015-03-09,60.8,58.0,58.0,cnn_real
2015-03-10,52.08,52.0,52.0,cnn_real
2015-03-11,45.1,44.0,44.0,cnn_real
2015-03-12,48.19,46.0,46.0,cnn_real
2015-03-13,44.93,39.0,39.0,cnn_real
2015-03-16,46.81,42.0,42.0,cnn_real
2015-03-17,44.27,40.0,40.0,cnn_real
2015-03-18,46.91,39.0,39.0,cnn_real
2015-03-19,46.92,43.0,43.0,cnn_real
2015-03-20,47.53,43.0,43.0,cnn_real
2015-03-23,47.32,48.0,48.0,cnn_real
2015-03-24,47.06,44.0,44.0,cnn_real
2015-03-25,38.08,44.0,44.0,cnn_real
2015-03-26,36.06,37.0,37.0,cnn_real
2015-03-27,38.14,36.0,36.0,cnn_real
2015-03-30,39.3,37.0,37.0,cnn_real
2015-03-31,34.54,37.0,37.0,cnn_real
2015-04-01,32.44,35.0,35.0,cnn_real
2015-04-02,33.49,40.0,40.0,cnn_real
2015-04-06,36.35,43.0,43.0,cnn_real
2015-04-07,36.88,48.0,48.0,cnn_real
2015-04-08,44.6,48.0,48.0,cnn_real
2015-04-09,50.15,56.0,56.0,cnn_real
2015-04-10,50.94,56.0,56.0,cnn_real
2015-04-13,49.4,60.0,60.0,cnn_real
2015-04-14,46.1,60.0,60.0,cnn_real
2015-04-15,50.2,60.0,60.0,cnn_real
2015-04-16,49.92,57.0,57.0,cnn_real
2015-04-17,40.9,57.0,57.0,cnn_real
2015-04-20,47.54,55.0,55.0,cnn_real
2015-04-21,50.36,59.0,59.0,cnn_real
2015-04-22,55.4,59.0,59.0,cnn_real
2015-04-23,58.94,64.0,64.0,cnn_real
2015-04-24,61.62,66.0,66.0,cnn_real
2015-04-27,60.8,59.0,59.0,cnn_real
2015-04-28,59.37,61.0,61.0,cnn_real
2015-04-29,60.17,61.0,61.0,cnn_real
2015-04-30,54.13,53.0,53.0,cnn_real
2015-05-01,61.33,61.0,61.0,cnn_real
2015-05-04,61.24,61.0,61.0,cnn_real
2015-05-05,53.79,58.0,58.0,cnn_real
2015-05-06,49.86,58.0,58.0,cnn_real
2015-05-07,48.98,53.0,53.0,cnn_real
2015-05-08,53.75,58.0,58.0,cnn_real
2015-05-11,54.51,53.0,53.0,cnn_real
2015-05-12,53.58,49.0,49.0,cnn_real
2015-05-13,53.28,55.0,55.0,cnn_real
2015-05-14,60.17,57.0,57.0,cnn_real
2015-05-15,61.92,57.0,57.0,cnn_real
2015-05-18,62.52,62.0,62.0,cnn_real
2015-05-19,61.92,62.0,62.0,cnn_real
2015-05-20,58.78,64.0,64.0,cnn_real
2015-05-21,60.06,64.0,64.0,cnn_real
2015-05-22,58.32,60.0,60.0,cnn_real
2015-05-26,50.63,50.0,50.0,cnn_real
2015-05-27,57.06,47.0,47.0,cnn_real
2015-05-28,55.37,47.0,47.0,cnn_real
2015-05-29,55.13,43.0,43.0,cnn_real
2015-06-01,54.34,40.0,40.0,cnn_real
2015-06-02,53.16,43.0,43.0,cnn_real
2015-06-03,58.38,45.0,45.0,cnn_real
2015-06-04,52.72,44.0,44.0,cnn_real
2015-06-05,53.36,40.0,40.0,cnn_real
2015-06-08,46.63,36.0,36.0,cnn_real
2015-06-09,45.41,36.0,36.0,cnn_real
2015-06-10,53.83,37.0,37.0,cnn_real
2015-06-11,51.96,41.0,41.0,cnn_real
2015-06-12,45.8,30.0,30.0,cnn_real
2015-06-15,43.92,26.0,26.0,cnn_real
2015-06-16,43.77,27.0,27.0,cnn_real
2015-06-17,43.72,26.0,26.0,cnn_real
2015-06-18,52.02,34.0,34.0,cnn_real
2015-06-19,47.55,30.0,30.0,cnn_real
2015-06-22,53.53,42.0,42.0,cnn_real
2015-06-23,58.42,49.0,49.0,cnn_real
2015-06-24,51.68,36.0,36.0,cnn_real
2015-06-25,51.12,34.0,34.0,cnn_real
2015-06-26,49.89,33.0,33.0,cnn_real
2015-06-29,31.75,8.0,8.0,cnn_real
2015-06-30,33.78,11.0,11.0,cnn_real
2015-07-01,37.26,18.0,18.0,cnn_real
2015-07-02,39.52,16.0,16.0,cnn_real
2015-07-06,35.1,13.0,13.0,cnn_real
2015-07-07,37.51,13.0,13.0,cnn_real
2015-07-08,26.81,9.0,9.0,cnn_real
2015-07-09,25.74,12.0,12.0,cnn_real
2015-07-10,37.87,14.0,14.0,cnn_real
2015-07-13,48.68,24.0,24.0,cnn_real
2015-07-14,52.7,24.0,24.0,cnn_real
2015-07-15,51.43,30.0,30.0,cnn_real
2015-07-16,56.71,30.0,30.0,cnn_real
2015-07-17,57.53,34.0,34.0,cnn_real
2015-07-20,61.18,34.0,34.0,cnn_real
2015-07-21,55.86,25.0,25.0,cnn_real
2015-07-22,48.38,20.0,20.0,cnn_real
2015-07-23,47.43,15.0,15.0,cnn_real
2015-07-24,42.27,15.0,15.0,cnn_real
2015-07-27,37.06,7.0,7.0,cnn_real
2015-07-28,50.57,17.0,17.0,cnn_real
2015-07-29,51.47,21.0,21.0,cnn_real
2015-07-30,51.04,21.0,21.0,cnn_real
2015-07-31,48.98,20.0,20.0,cnn_real
2015-08-03,48.9,24.0,24.0,cnn_real
2015-08-04,49.94,28.0,28.0,cnn_real
2015-08-05,58.82,21.0,21.0,cnn_real
2015-08-06,47.3,18.0,18.0,cnn_real
2015-08-07,39.8,10.0,10.0,cnn_real
2015-08-10,43.02,9.0,9.0,cnn_real
2015-08-11,34.3,12.0,12.0,cnn_real
2015-08-12,36.77,9.0,9.0,cnn_real
2015-08-13,34.55,11.0,11.0,cnn_real
2015-08-14,33.59,11.0,11.0,cnn_real
2015-08-17,36.12,14.0,14.0,cnn_real
2015-08-18,35.47,13.0,13.0,cnn_real
2015-08-19,33.71,13.0,13.0,cnn_real
2015-08-20,21.67,8.0,8.0,cnn_real
2015-08-21,9.56,8.0,8.0,cnn_real
2015-08-24,4.6,3.0,3.0,cnn_real
2015-08-25,3.28,9.0,9.0,cnn_real
2015-08-26,11.8,12.0,12.0,cnn_real
2015-08-27,20.78,13.0,13.0,cnn_real
2015-08-28,22.46,14.0,14.0,cnn_real
2015-08-31,19.81,14.0,14.0,cnn_real
2015-09-01,7.97,9.0,9.0,cnn_real
2015-09-02,15.57,13.0,13.0,cnn_real
2015-09-03,17.09,11.0,11.0,cnn_real
2015-09-04,13.79,10.0,10.0,cnn_real
2015-09-08,23.24,13.0,13.0,cnn_real
2015-09-09,22.88,13.0,13.0,cnn_real
2015-09-10,27.41,15.0,15.0,cnn_real
2015-09-11,28.74,14.0,14.0,cnn_real
2015-09-14,27.22,13.0,13.0,cnn_real
2015-09-15,33.89,16.0,16.0,cnn_real
2015-09-16,35.81,16.0,16.0,cnn_real
2015-09-17,36.51,16.0,16.0,cnn_real
2015-09-18,33.66,18.0,18.0,cnn_real
2015-09-21,44.23,23.0,23.0,cnn_real
2015-09-22,43.26,31.0,31.0,cnn_real
2015-09-23,42.66,31.0,31.0,cnn_real
2015-09-24,31.15,22.0,22.0,cnn_real
2015-09-25,24.04,18.0,18.0,cnn_real
2015-09-28,12.29,15.0,15.0,cnn_real
2015-09-29,12.12,13.0,13.0,cnn_real
2015-09-30,26.62,21.0,21.0,cnn_real
2015-10-01,22.55,18.0,18.0,cnn_real
2015-10-02,29.07,24.0,24.0,cnn_real
2015-10-05,39.44,31.0,31.0,cnn_real
2015-10-06,32.15,36.0,36.0,cnn_real
2015-10-07,37.61,37.0,37.0,cnn_real
2015-10-08,38.24,42.0,42.0,cnn_real
2015-10-09,39.32,43.0,43.0,cnn_real
2015-10-12,40.02,41.0,41.0,cnn_real
2015-10-13,33.36,35.0,35.0,cnn_real
2015-10-14,31.05,35.0,35.0,cnn_real
2015-10-15,39.71,41.0,41.0,cnn_real
2015-10-16,45.69,45.0,45.0,cnn_real
2015-10-19,46.65,47.0,47.0,cnn_real
2015-10-20,50.13,51.0,51.0,cnn_real
2015-10-21,46.13,50.0,50.0,cnn_real
2015-10-22,54.74,55.0,55.0,cnn_real
2015-10-23,67.39,59.0,59.0,cnn_real
2015-10-26,74.3,61.0,61.0,cnn_real
2015-10-27,75.46,69.0,69.0,cnn_real
2015-10-28,75.25,69.0,69.0,cnn_real
2015-10-29,75.99,71.0,71.0,cnn_real
2015-10-30,71.95,70.0,70.0,cnn_real
2015-11-02,71.97,73.0,73.0,cnn_real
2015-11-03,73.57,73.0,73.0,cnn_real
2015-11-04,70.97,72.0,72.0,cnn_real
2015-11-05,67.58,73.0,73.0,cnn_real
2015-11-06,68.39,71.0,71.0,cnn_real
2015-11-09,65.09,66.0,66.0,cnn_real
2015-11-10,64.87,66.0,66.0,cnn_real
2015-11-11,65.7,63.0,63.0,cnn_real
2015-11-12,57.83,59.0,59.0,cnn_real
2015-11-13,48.34,50.0,50.0,cnn_real
2015-11-16,53.11,48.0,48.0,cnn_real
2015-11-17,52.95,51.0,51.0,cnn_real
2015-11-18,62.44,51.0,51.0,cnn_real
2015-11-19,57.93,52.0,52.0,cnn_real
2015-11-20,54.86,53.0,53.0,cnn_real
2015-11-23,54.35,53.0,53.0,cnn_real
2015-11-24,54.54,56.0,56.0,cnn_real
2015-11-25,52.07,59.0,59.0,cnn_real
2015-11-27,51.27,58.0,58.0,cnn_real
2015-11-30,51.4,58.0,58.0,cnn_real
2015-12-01,51.08,55.0,55.0,cnn_real
2015-12-02,48.15,55.0,55.0,cnn_real
2015-12-03,44.83,55.0,55.0,cnn_real
2015-12-04,52.72,55.0,55.0,cnn_real
2015-12-07,48.05,38.0,38.0,cnn_real
2015-12-08,48.05,42.0,42.0,cnn_real
2015-12-09,44.16,35.0,35.0,cnn_real
2015-12-10,46.07,36.0,36.0,cnn_real
2015-12-11,35.42,25.0,25.0,cnn_real
2015-12-14,43.71,30.0,30.0,cnn_real
2015-12-15,45.92,35.0,35.0,cnn_real
2015-12-16,52.7,46.0,46.0,cnn_real
2015-12-17,41.95,37.0,37.0,cnn_real
2015-12-18,34.52,37.0,37.0,cnn_real
2015-12-21,36.97,35.0,35.0,cnn_real
2015-12-22,42.46,36.0,36.0,cnn_real
2015-12-23,46.32,43.0,43.0,cnn_real
2015-12-24,45.53,42.0,42.0,cnn_real
2015-12-28,44.56,48.0,48.0,cnn_real
2015-12-29,52.79,48.0,48.0,cnn_real
2015-12-30,48.83,46.0,46.0,cnn_real
2015-12-31,44.42,46.0,46.0,cnn_real
2016-01-04,34.85,43.0,43.0,cnn_real
2016-01-05,32.99,35.0,35.0,cnn_real
2016-01-06,30.29,35.0,35.0,cnn_real
2016-01-07,19.54,27.0,27.0,cnn_real
2016-01-08,17.57,26.0,26.0,cnn_real
2016-01-11,19.17,17.0,17.0,cnn_real
2016-01-12,29.79,16.0,16.0,cnn_real
2016-01-13,14.04,18.0,18.0,cnn_real
2016-01-14,19.45,15.0,15.0,cnn_real
2016-01-15,4.29,10.0,10.0,cnn_real
2016-01-19,9.91,9.0,9.0,cnn_real
2016-01-20,11.29,11.0,11.0,cnn_real
2016-01-21,12.91,13.0,13.0,cnn_real
2016-01-22,21.6,14.0,14.0,cnn_real
2016-01-25,13.67,15.0,15.0,cnn_real
2016-01-26,18.26,16.0,16.0,cnn_real
2016-01-27,12.05,18.0,18.0,cnn_real
2016-01-28,12.97,18.0,18.0,cnn_real
2016-01-29,19.44,26.0,26.0,cnn_real
2016-02-01,22.16,26.0,26.0,cnn_real
2016-02-02,17.43,26.0,26.0,cnn_real
2016-02-03,17.73,24.0,24.0,cnn_real
2016-02-04,19.6,25.0,25.0,cnn_real
2016-02-05,14.15,17.0,17.0,cnn_real
2016-02-08,8.83,17.0,17.0,cnn_real
2016-02-09,7.57,15.0,15.0,cnn_real
2016-02-10,7.8,17.0,17.0,cnn_real
2016-02-11,11.67,18.0,18.0,cnn_real
2016-02-12,16.12,21.0,21.0,cnn_real
2016-02-16,29.64,29.0,29.0,cnn_real
2016-02-17,37.02,37.0,37.0,cnn_real
2016-02-18,34.81,43.0,43.0,cnn_real
2016-02-19,34.68,43.0,43.0,cnn_real
2016-02-22,34.86,50.0,50.0,cnn_real
2016-02-23,32.73,50.0,50.0,cnn_real
2016-02-24,33.61,53.0,53.0,cnn_real
2016-02-25,39.46,53.0,53.0,cnn_real
2016-02-26,38.49,52.0,52.0,cnn_real
2016-02-29,35.59,55.0,55.0,cnn_real
2016-03-01,48.94,61.0,61.0,cnn_real
2016-03-02,53.44,66.0,66.0,cnn_real
2016-03-03,52.45,69.0,69.0,cnn_real
2016-03-04,54.24,68.0,68.0,cnn_real
2016-03-07,58.94,71.0,71.0,cnn_real
2016-03-08,59.15,70.0,70.0,cnn_real
2016-03-09,62.47,71.0,71.0,cnn_real
2016-03-10,63.12,72.0,72.0,cnn_real
2016-03-11,70.77,75.0,75.0,cnn_real
2016-03-14,65.52,74.0,74.0,cnn_real
2016-03-15,59.73,75.0,75.0,cnn_real
2016-03-16,57.68,75.0,75.0,cnn_real
2016-03-17,61.15,78.0,78.0,cnn_real
2016-03-18,59.79,79.0,79.0,cnn_real
2016-03-21,58.32,76.0,76.0,cnn_real
2016-03-22,62.29,76.0,76.0,cnn_real
2016-03-23,56.26,70.0,70.0,cnn_real
2016-03-24,55.03,72.0,72.0,cnn_real
2016-03-28,52.52,64.0,64.0,cnn_real
2016-03-29,56.54,67.0,67.0,cnn_real
2016-03-30,51.13,67.0,67.0,cnn_real
2016-03-31,50.65,71.0,71.0,cnn_real
2016-04-01,54.0,74.0,74.0,cnn_real
2016-04-04,51.27,73.0,73.0,cnn_real
2016-04-05,47.17,72.0,72.0,cnn_real
2016-04-06,57.12,72.0,72.0,cnn_real
2016-04-07,48.77,72.0,72.0,cnn_real
2016-04-08,49.29,68.0,68.0,cnn_real
2016-04-11,44.66,66.0,66.0,cnn_real
2016-04-12,49.64,66.0,66.0,cnn_real
2016-04-13,55.05,70.0,70.0,cnn_real
2016-04-14,54.7,70.0,70.0,cnn_real
2016-04-15,52.79,70.0,70.0,cnn_real
2016-04-18,55.89,72.0,72.0,cnn_real
2016-04-19,53.71,73.0,73.0,cnn_real
2016-04-20,54.54,75.0,75.0,cnn_real
2016-04-21,57.08,75.0,75.0,cnn_real
2016-04-22,53.8,74.0,74.0,cnn_real
2016-04-25,54.7,71.0,71.0,cnn_real
2016-04-26,53.27,71.0,71.0,cnn_real
2016-04-27,49.31,72.0,72.0,cnn_real
2016-04-28,45.87,70.0,70.0,cnn_real
2016-04-29,43.5,67.0,67.0,cnn_real
2016-05-02,48.06,69.0,69.0,cnn_real
2016-05-03,46.06,63.0,63.0,cnn_real
2016-05-04,40.5,63.0,63.0,cnn_real
2016-05-05,43.18,60.0,60.0,cnn_real
2016-05-06,44.61,60.0,60.0,cnn_real
2016-05-09,45.54,60.0,60.0,cnn_real
2016-05-10,47.8,62.0,62.0,cnn_real
2016-05-11,42.94,62.0,62.0,cnn_real
2016-05-12,42.46,61.0,61.0,cnn_real
2016-05-13,41.45,59.0,59.0,cnn_real
2016-05-16,45.47,58.0,58.0,cnn_real
2016-05-17,42.05,54.0,54.0,cnn_real
2016-05-18,43.95,56.0,56.0,cnn_real
2016-05-19,42.01,54.0,54.0,cnn_real
2016-05-20,47.16,55.0,55.0,cnn_real
2016-05-23,46.98,57.0,57.0,cnn_real
2016-05-24,53.84,63.0,63.0,cnn_real
2016-05-25,57.79,68.0,68.0,cnn_real
2016-05-26,59.88,74.0,74.0,cnn_real
2016-05-27,62.67,78.0,78.0,cnn_real
2016-05-31,60.99,77.0,77.0,cnn_real
2016-06-01,64.2,78.0,78.0,cnn_real
2016-06-02,65.69,79.0,79.0,cnn_real
2016-06-03,63.13,77.0,77.0,cnn_real
2016-06-06,64.3,79.0,79.0,cnn_real
2016-06-07,63.74,80.0,80.0,cnn_real
2016-06-08,61.39,80.0,80.0,cnn_real
2016-06-09,61.49,79.0,79.0,cnn_real
2016-06-10,56.2,63.0,63.0,cnn_real
2016-06-13,53.69,54.0,54.0,cnn_real
2016-06-14,50.57,54.0,54.0,cnn_real
2016-06-15,50.71,53.0,53.0,cnn_real
2016-06-16,48.86,50.0,50.0,cnn_real
2016-06-17,47.3,53.0,53.0,cnn_real
2016-06-20,49.44,60.0,60.0,cnn_real
2016-06-21,51.47,61.0,61.0,cnn_real
2016-06-22,46.58,61.0,61.0,cnn_real
2016-06-23,52.12,66.0,66.0,cnn_real
2016-06-24,35.4,44.0,44.0,cnn_real
2016-06-27,25.58,45.0,45.0,cnn_real
2016-06-28,33.5,48.0,48.0,cnn_real
2016-06-29,40.85,58.0,58.0,cnn_real
2016-06-30,44.81,62.0,62.0,cnn_real
2016-07-01,48.08,71.0,71.0,cnn_real
2016-07-05,42.7,69.0,69.0,cnn_real
2016-07-06,45.53,69.0,69.0,cnn_real
2016-07-07,46.6,69.0,69.0,cnn_real
2016-07-08,53.03,75.0,75.0,cnn_real
2016-07-11,58.28,80.0,80.0,cnn_real
2016-07-12,63.64,86.0,86.0,cnn_real
2016-07-13,61.78,86.0,86.0,cnn_real
2016-07-14,65.93,90.0,90.0,cnn_real
2016-07-15,65.95,88.0,88.0,cnn_real
2016-07-18,69.23,89.0,89.0,cnn_real
2016-07-19,64.86,89.0,89.0,cnn_real
2016-07-20,67.54,88.0,88.0,cnn_real
2016-07-21,66.63,87.0,87.0,cnn_real
2016-07-22,65.05,85.0,85.0,cnn_real
2016-07-25,74.34,85.0,85.0,cnn_real
2016-07-26,80.06,82.0,82.0,cnn_real
2016-07-27,77.39,84.0,84.0,cnn_real
2016-07-28,73.25,82.0,82.0,cnn_real
2016-07-29,71.32,80.0,80.0,cnn_real
2016-08-01,72.83,64.0,64.0,cnn_real
2016-08-02,73.66,78.0,78.0,cnn_real
2016-08-03,73.45,80.0,80.0,cnn_real
2016-08-04,73.48,81.0,81.0,cnn_real
2016-08-05,74.31,85.0,85.0,cnn_real
2016-08-08,72.54,80.0,80.0,cnn_real
2016-08-09,69.74,75.0,75.0,cnn_real
2016-08-10,69.18,78.0,78.0,cnn_real
2016-08-11,69.4,78.0,78.0,cnn_real
2016-08-12,67.9,75.0,75.0,cnn_real
2016-08-15,68.45,78.0,78.0,cnn_real
2016-08-16,68.05,78.0,78.0,cnn_real
2016-08-17,66.0,77.0,77.0,cnn_real
2016-08-18,66.75,78.0,78.0,cnn_real
2016-08-19,65.52,76.0,76.0,cnn_real
2016-08-22,64.97,74.0,74.0,cnn_real
2016-08-23,65.86,75.0,75.0,cnn_real
2016-08-24,63.38,70.0,70.0,cnn_real
2016-08-25,63.33,65.0,65.0,cnn_real
2016-08-26,64.74,63.0,63.0,cnn_real
2016-08-29,63.45,64.0,64.0,cnn_real
2016-08-30,62.71,64.0,64.0,cnn_real
2016-08-31,61.11,62.0,62.0,cnn_real
2016-09-01,61.27,63.0,63.0,cnn_real
2016-09-02,60.47,63.0,63.0,cnn_real
2016-09-06,60.69,65.0,65.0,cnn_real
2016-09-07,60.84,64.0,64.0,cnn_real
2016-09-08,61.56,69.0,69.0,cnn_real
2016-09-09,52.53,47.0,47.0,cnn_real
2016-09-12,58.53,55.0,55.0,cnn_real
2016-09-13,53.76,36.0,36.0,cnn_real
2016-09-14,55.04,34.0,34.0,cnn_real
2016-09-15,59.99,39.0,39.0,cnn_real
2016-09-16,58.8,44.0,44.0,cnn_real
2016-09-19,57.5,45.0,45.0,cnn_real
2016-09-20,58.24,45.0,45.0,cnn_real
2016-09-21,60.6,54.0,54.0,cnn_real
2016-09-22,62.83,59.0,59.0,cnn_real
2016-09-23,60.4,53.0,53.0,cnn_real
2016-09-26,55.75,47.0,47.0,cnn_real
2016-09-27,58.71,45.0,45.0,cnn_real
2016-09-28,60.05,45.0,45.0,cnn_real
2016-09-29,57.64,44.0,44.0,cnn_real
2016-09-30,60.45,43.0,43.0,cnn_real
2016-10-03,58.82,45.0,45.0,cnn_real
2016-10-04,59.33,49.0,49.0,cnn_real
2016-10-05,61.12,49.0,49.0,cnn_real
2016-10-06,60.59,52.0,52.0,cnn_real
2016-10-07,62.58,55.0,55.0,cnn_real
2016-10-10,62.25,55.0,55.0,cnn_real
2016-10-11,58.97,47.0,47.0,cnn_real
2016-10-12,58.16,45.0,45.0,cnn_real
2016-10-13,53.38,34.0,34.0,cnn_real
2016-10-14,55.62,33.0,33.0,cnn_real
2016-10-17,54.07,33.0,33.0,cnn_real
2016-10-18,56.79,38.0,38.0,cnn_real
2016-10-19,55.43,41.0,41.0,cnn_real
2016-10-20,54.69,38.0,38.0,cnn_real
2016-10-21,56.39,44.0,44.0,cnn_real
2016-10-24,62.4,49.0,49.0,cnn_real
2016-10-25,60.39,49.0,49.0,cnn_real
2016-10-26,57.59,43.0,43.0,cnn_real
2016-10-27,58.29,46.0,46.0,cnn_real
2016-10-28,53.79,33.0,33.0,cnn_real
2016-10-31,52.47,26.0,26.0,cnn_real
2016-11-01,49.04,22.0,22.0,cnn_real
2016-11-02,44.28,18.0,18.0,cnn_real
2016-11-03,41.57,14.0,14.0,cnn_real
2016-11-04,40.37,14.0,14.0,cnn_real
2016-11-07,48.23,34.0,34.0,cnn_real
2016-11-08,52.82,30.0,30.0,cnn_real
2016-11-09,57.64,42.0,42.0,cnn_real
2016-11-10,53.49,38.0,38.0,cnn_real
2016-11-11,51.65,48.0,48.0,cnn_real
2016-11-14,52.55,57.0,57.0,cnn_real
2016-11-15,56.7,63.0,63.0,cnn_real
2016-11-16,57.25,60.0,60.0,cnn_real
2016-11-17,60.4,63.0,63.0,cnn_real
2016-11-18,60.3,61.0,61.0,cnn_real
2016-11-21,61.83,68.0,68.0,cnn_real
2016-11-22,63.52,67.0,67.0,cnn_real
2016-11-23,63.33,70.0,70.0,cnn_real
2016-11-25,64.49,71.0,71.0,cnn_real
2016-11-28,63.87,72.0,72.0,cnn_real
2016-11-29,65.04,72.0,72.0,cnn_real
2016-11-30,64.38,73.0,73.0,cnn_real
2016-12-01,62.05,71.0,71.0,cnn_real
2016-12-02,63.06,71.0,71.0,cnn_real
2016-12-05,66.6,75.0,75.0,cnn_real
2016-12-06,62.09,79.0,79.0,cnn_real
2016-12-07,63.92,83.0,83.0,cnn_real
2016-12-08,61.64,83.0,83.0,cnn_real
2016-12-09,68.21,86.0,86.0,cnn_real
2016-12-12,67.01,87.0,87.0,cnn_real
2016-12-13,68.84,86.0,86.0,cnn_real
2016-12-14,65.57,86.0,86.0,cnn_real
2016-12-15,66.28,86.0,86.0,cnn_real
2016-12-16,62.24,84.0,84.0,cnn_real
2016-12-19,61.51,79.0,79.0,cnn_real
2016-12-20,60.68,75.0,75.0,cnn_real
2016-12-21,58.91,75.0,75.0,cnn_real
2016-12-22,58.46,71.0,71.0,cnn_real
2016-12-23,57.69,66.0,66.0,cnn_real
2016-12-27,60.78,70.0,70.0,cnn_real
2016-12-28,57.21,66.0,66.0,cnn_real
2016-12-29,56.05,65.0,65.0,cnn_real
2016-12-30,54.2,58.0,58.0,cnn_real
2017-01-03,57.38,70.0,70.0,cnn_real
2017-01-04,57.82,70.0,70.0,cnn_real
2017-01-05,56.33,70.0,70.0,cnn_real
2017-01-06,58.12,68.0,68.0,cnn_real
2017-01-09,56.51,62.0,62.0,cnn_real
2017-01-10,54.56,62.0,62.0,cnn_real
2017-01-11,55.5,61.0,61.0,cnn_real
2017-01-12,53.1,55.0,55.0,cnn_real
2017-01-13,53.76,58.0,58.0,cnn_real
2017-01-17,50.5,58.0,58.0,cnn_real
2017-01-18,54.01,55.0,55.0,cnn_real
2017-01-19,54.66,53.0,53.0,cnn_real
2017-01-20,53.94,53.0,53.0,cnn_real
2017-01-23,53.06,55.0,55.0,cnn_real
2017-01-24,55.68,59.0,59.0,cnn_real
2017-01-25,60.01,55.0,55.0,cnn_real
2017-01-26,58.47,58.0,58.0,cnn_real
2017-01-27,61.26,60.0,60.0,cnn_real
2017-01-30,59.55,55.0,55.0,cnn_real
2017-01-31,60.16,54.0,54.0,cnn_real
2017-02-01,61.3,55.0,55.0,cnn_real
2017-02-02,59.75,51.0,51.0,cnn_real
2017-02-03,61.75,60.0,60.0,cnn_real
2017-02-06,57.45,57.0,57.0,cnn_real
2017-02-07,57.99,57.0,57.0,cnn_real
2017-02-08,56.58,61.0,61.0,cnn_real
2017-02-09,59.43,66.0,66.0,cnn_real
2017-02-10,61.07,70.0,70.0,cnn_real
2017-02-13,61.98,72.0,72.0,cnn_real
2017-02-14,66.65,78.0,78.0,cnn_real
2017-02-15,65.89,80.0,80.0,cnn_real
2017-02-16,63.55,79.0,79.0,cnn_real
2017-02-17,63.68,78.0,78.0,cnn_real
2017-02-21,67.27,83.0,83.0,cnn_real
2017-02-22,64.11,80.0,80.0,cnn_real
2017-02-23,57.26,75.0,75.0,cnn_real
2017-02-24,56.58,68.0,68.0,cnn_real
2017-02-27,58.14,71.0,71.0,cnn_real
2017-02-28,58.08,64.0,64.0,cnn_real
2017-03-01,66.45,81.0,81.0,cnn_real
2017-03-02,61.75,78.0,78.0,cnn_real
2017-03-03,62.3,77.0,77.0,cnn_real
2017-03-06,60.47,69.0,69.0,cnn_real
2017-03-07,61.0,65.0,65.0,cnn_real
2017-03-08,61.85,65.0,65.0,cnn_real
2017-03-09,64.06,62.0,62.0,cnn_real
2017-03-10,62.05,65.0,65.0,cnn_real
2017-03-13,62.91,64.0,64.0,cnn_real
2017-03-14,58.95,58.0,58.0,cnn_real
2017-03-15,58.33,50.0,50.0,cnn_real
2017-03-16,56.35,51.0,51.0,cnn_real
2017-03-17,55.81,45.0,45.0,cnn_real
2017-03-20,54.68,43.0,43.0,cnn_real
2017-03-21,43.7,37.0,37.0,cnn_real
2017-03-22,46.42,32.0,32.0,cnn_real
2017-03-23,47.26,31.0,31.0,cnn_real
2017-03-24,49.77,31.0,31.0,cnn_real
2017-03-27,47.59,27.0,27.0,cnn_real
2017-03-28,53.19,39.0,39.0,cnn_real
2017-03-29,48.48,39.0,39.0,cnn_real
2017-03-30,51.6,43.0,43.0,cnn_real
2017-03-31,50.3,47.0,47.0,cnn_real
2017-04-03,48.53,45.0,45.0,cnn_real
2017-04-04,50.22,43.0,43.0,cnn_real
2017-04-05,46.97,43.0,43.0,cnn_real
2017-04-06,45.94,43.0,43.0,cnn_real
2017-04-07,46.68,40.0,40.0,cnn_real
2017-04-10,44.33,32.0,32.0,cnn_real
2017-04-11,41.38,31.0,31.0,cnn_real
2017-04-12,37.91,28.0,28.0,cnn_real
2017-04-13,34.55,25.0,25.0,cnn_real
2017-04-17,40.97,30.0,30.0,cnn_real
2017-04-18,38.96,32.0,32.0,cnn_real
2017-04-19,46.35,30.0,30.0,cnn_real
2017-04-20,50.27,34.0,34.0,cnn_real
2017-04-21,49.86,37.0,37.0,cnn_real
2017-04-24,54.96,39.0,39.0,cnn_real
2017-04-25,60.42,46.0,46.0,cnn_real
2017-04-26,54.76,48.0,48.0,cnn_real
2017-04-27,56.44,50.0,50.0,cnn_real
2017-04-28,53.86,49.0,49.0,cnn_real
2017-05-01,58.89,51.0,51.0,cnn_real
2017-05-02,60.44,47.0,47.0,cnn_real
2017-05-03,58.15,47.0,47.0,cnn_real
2017-05-04,59.61,45.0,45.0,cnn_real
2017-05-05,60.86,47.0,47.0,cnn_real
2017-05-08,61.59,55.0,55.0,cnn_real
2017-05-09,63.07,61.0,61.0,cnn_real
2017-05-10,66.95,61.0,61.0,cnn_real
2017-05-11,68.13,63.0,63.0,cnn_real
2017-05-12,68.88,62.0,62.0,cnn_real
2017-05-15,67.2,54.0,54.0,cnn_real
2017-05-16,70.99,66.0,66.0,cnn_real
2017-05-17,52.54,45.0,45.0,cnn_real
2017-05-18,53.5,47.0,47.0,cnn_real
2017-05-19,56.1,49.0,49.0,cnn_real
2017-05-22,56.64,52.0,52.0,cnn_real
2017-05-23,54.03,49.0,49.0,cnn_real
2017-05-24,57.17,54.0,54.0,cnn_real
2017-05-25,58.6,57.0,57.0,cnn_real
2017-05-26,58.96,58.0,58.0,cnn_real
2017-05-30,54.8,52.0,52.0,cnn_real
2017-05-31,54.56,50.0,50.0,cnn_real
2017-06-01,56.57,58.0,58.0,cnn_real
2017-06-02,58.94,57.0,57.0,cnn_real
2017-06-05,58.14,58.0,58.0,cnn_real
2017-06-06,52.39,55.0,55.0,cnn_real
2017-06-07,53.47,55.0,55.0,cnn_real
2017-06-08,53.72,55.0,55.0,cnn_real
2017-06-09,41.62,54.0,54.0,cnn_real
2017-06-12,40.79,53.0,53.0,cnn_real
2017-06-13,43.4,55.0,55.0,cnn_real
2017-06-14,37.77,52.0,52.0,cnn_real
2017-06-15,45.3,52.0,52.0,cnn_real
2017-06-16,38.47,50.0,50.0,cnn_real
2017-06-19,46.92,57.0,57.0,cnn_real
2017-06-20,37.78,50.0,50.0,cnn_real
2017-06-21,40.02,47.0,47.0,cnn_real
2017-06-22,39.15,50.0,50.0,cnn_real
2017-06-23,39.99,52.0,52.0,cnn_real
2017-06-26,36.5,53.0,53.0,cnn_real
2017-06-27,27.47,48.0,48.0,cnn_real
2017-06-28,36.08,60.0,60.0,cnn_real
2017-06-29,24.45,47.0,47.0,cnn_real
2017-06-30,24.55,49.0,49.0,cnn_real
2017-07-03,18.56,52.0,52.0,cnn_real
2017-07-05,25.74,57.0,57.0,cnn_real
2017-07-06,19.1,44.0,44.0,cnn_real
2017-07-07,24.38,49.0,49.0,cnn_real
2017-07-10,33.55,46.0,46.0,cnn_real
2017-07-11,35.58,44.0,44.0,cnn_real
2017-07-12,40.4,47.0,47.0,cnn_real
2017-07-13,46.33,54.0,54.0,cnn_real
2017-07-14,51.97,64.0,64.0,cnn_real
2017-07-17,54.27,67.0,67.0,cnn_real
2017-07-18,50.53,74.0,74.0,cnn_real
2017-07-19,57.97,69.0,69.0,cnn_real
2017-07-20,56.87,73.0,73.0,cnn_real
2017-07-21,55.15,73.0,73.0,cnn_real
2017-07-24,55.9,73.0,73.0,cnn_real
2017-07-25,58.54,70.0,70.0,cnn_real
2017-07-26,62.87,75.0,75.0,cnn_real
2017-07-27,54.42,73.0,73.0,cnn_real
2017-07-28,56.63,69.0,69.0,cnn_real
2017-07-31,52.12,66.0,66.0,cnn_real
2017-08-01,54.1,66.0,66.0,cnn_real
2017-08-02,54.32,61.0,61.0,cnn_real
2017-08-03,52.0,59.0,59.0,cnn_real
2017-08-04,51.13,64.0,64.0,cnn_real
2017-08-07,53.59,58.0,58.0,cnn_real
2017-08-08,52.34,52.0,52.0,cnn_real
2017-08-09,46.6,41.0,41.0,cnn_real
2017-08-10,27.58,31.0,31.0,cnn_real
2017-08-11,30.2,25.0,25.0,cnn_real
2017-08-14,41.5,36.0,36.0,cnn_real
2017-08-15,43.04,27.0,27.0,cnn_real
2017-08-16,40.81,32.0,32.0,cnn_real
2017-08-17,23.91,17.0,17.0,cnn_real
2017-08-18,25.38,17.0,17.0,cnn_real
2017-08-21,22.63,15.0,15.0,cnn_real
2017-08-22,32.18,23.0,23.0,cnn_real
2017-08-23,28.48,19.0,19.0,cnn_real
2017-08-24,28.68,22.0,22.0,cnn_real
2017-08-25,28.11,29.0,29.0,cnn_real
2017-08-28,31.23,35.0,35.0,cnn_real
2017-08-29,33.16,29.0,29.0,cnn_real
2017-08-30,39.97,34.0,34.0,cnn_real
2017-08-31,47.64,43.0,43.0,cnn_real
2017-09-01,46.41,49.0,49.0,cnn_real
2017-09-05,34.97,62.0,62.0,cnn_real
2017-09-06,38.38,41.0,41.0,cnn_real
2017-09-07,39.55,38.0,38.0,cnn_real
2017-09-08,42.41,38.0,38.0,cnn_real
2017-09-11,51.03,59.0,59.0,cnn_real
2017-09-12,48.03,59.0,59.0,cnn_real
2017-09-13,48.04,67.0,67.0,cnn_real
2017-09-14,44.26,68.0,68.0,cnn_real
2017-09-15,54.52,77.0,77.0,cnn_real
2017-09-18,53.14,80.0,80.0,cnn_real
2017-09-19,55.14,81.0,81.0,cnn_real
2017-09-20,47.68,79.0,79.0,cnn_real
2017-09-21,46.41,73.0,73.0,cnn_real
2017-09-22,44.78,70.0,70.0,cnn_real
2017-09-25,37.5,72.0,72.0,cnn_real
2017-09-26,39.03,67.0,67.0,cnn_real
2017-09-27,47.11,73.0,73.0,cnn_real
2017-09-28,42.61,79.0,79.0,cnn_real
2017-09-29,44.87,84.0,84.0,cnn_real
2017-10-02,43.94,91.0,91.0,cnn_real
2017-10-03,51.03,92.0,92.0,cnn_real
2017-10-04,49.35,91.0,91.0,cnn_real
2017-10-05,56.4,94.0,94.0,cnn_real
2017-10-06,59.37,92.0,92.0,cnn_real
2017-10-09,51.74,84.0,84.0,cnn_real
2017-10-10,50.21,85.0,85.0,cnn_real
2017-10-11,49.83,83.0,83.0,cnn_real
2017-10-12,49.91,79.0,79.0,cnn_real
2017-10-13,49.49,74.0,74.0,cnn_real
2017-10-16,51.58,78.0,78.0,cnn_real
2017-10-17,51.5,78.0,78.0,cnn_real
2017-10-18,51.9,82.0,82.0,cnn_real
2017-10-19,50.41,83.0,83.0,cnn_real
2017-10-20,54.86,89.0,89.0,cnn_real
2017-10-23,54.2,80.0,80.0,cnn_real
2017-10-24,55.26,75.0,75.0,cnn_real
2017-10-25,48.01,75.0,75.0,cnn_real
2017-10-26,46.34,71.0,71.0,cnn_real
2017-10-27,58.68,74.0,74.0,cnn_real
2017-10-30,57.33,65.0,65.0,cnn_real
2017-10-31,59.28,69.0,69.0,cnn_real
2017-11-01,57.94,69.0,69.0,cnn_real
2017-11-02,52.28,66.0,66.0,cnn_real
2017-11-03,55.69,66.0,66.0,cnn_real
2017-11-06,57.57,58.0,58.0,cnn_real
2017-11-07,56.91,61.0,61.0,cnn_real
2017-11-08,57.82,54.0,54.0,cnn_real
2017-11-09,54.68,54.0,54.0,cnn_real
2017-11-10,58.15,59.0,59.0,cnn_real
2017-11-13,56.74,49.0,49.0,cnn_real
2017-11-14,51.71,49.0,49.0,cnn_real
2017-11-15,45.23,36.0,36.0,cnn_real
2017-11-16,58.93,50.0,50.0,cnn_real
2017-11-17,52.47,44.0,44.0,cnn_real
2017-11-20,55.08,51.0,51.0,cnn_real
2017-11-21,59.03,54.0,54.0,cnn_real
2017-11-22,58.74,54.0,54.0,cnn_real
2017-11-24,61.85,59.0,59.0,cnn_real
2017-11-27,52.9,51.0,51.0,cnn_real
2017-11-28,55.62,60.0,60.0,cnn_real
2017-11-29,42.89,67.0,67.0,cnn_real
2017-11-30,50.67,73.0,73.0,cnn_real
2017-12-01,46.67,70.0,70.0,cnn_real
2017-12-04,35.91,64.0,64.0,cnn_real
2017-12-05,34.84,60.0,60.0,cnn_real
2017-12-06,37.04,62.0,62.0,cnn_real
2017-12-07,39.88,60.0,60.0,cnn_real
2017-12-08,45.93,62.0,62.0,cnn_real
2017-12-11,47.91,62.0,62.0,cnn_real
2017-12-12,46.79,67.0,67.0,cnn_real
2017-12-13,48.87,67.0,67.0,cnn_real
2017-12-14,51.03,69.0,69.0,cnn_real
2017-12-15,49.07,68.0,68.0,cnn_real
2017-12-18,56.31,74.0,74.0,cnn_real
2017-12-19,53.79,72.0,72.0,cnn_real
2017-12-20,52.06,72.0,72.0,cnn_real
2017-12-21,52.36,68.0,68.0,cnn_real
2017-12-22,49.2,66.0,66.0,cnn_real
2017-12-26,46.2,64.0,64.0,cnn_real
2017-12-27,41.65,61.0,61.0,cnn_real
2017-12-28,46.31,58.0,58.0,cnn_real
2017-12-29,36.99,53.0,53.0,cnn_real
2018-01-02,57.44,67.0,67.0,cnn_real
2018-01-03,67.49,67.0,67.0,cnn_real
2018-01-04,69.92,72.0,72.0,cnn_real
2018-01-05,75.69,75.0,75.0,cnn_real
2018-01-08,74.69,75.0,75.0,cnn_real
2018-01-09,73.4,75.0,75.0,cnn_real
2018-01-10,67.9,75.0,75.0,cnn_real
2018-01-11,71.81,77.0,77.0,cnn_real
2018-01-12,76.23,79.0,79.0,cnn_real
2018-01-16,74.23,75.0,75.0,cnn_real
2018-01-17,78.55,75.0,75.0,cnn_real
2018-01-18,76.05,72.0,72.0,cnn_real
2018-01-19,78.73,80.0,80.0,cnn_real
2018-01-22,82.56,78.0,78.0,cnn_real
2018-01-23,85.59,78.0,78.0,cnn_real
2018-01-24,80.6,78.0,78.0,cnn_real
2018-01-25,78.7,77.0,77.0,cnn_real
2018-01-26,91.14,79.0,79.0,cnn_real
2018-01-29,86.03,62.0,62.0,cnn_real
2018-01-30,81.9,61.0,61.0,cnn_real
2018-01-31,75.89,61.0,61.0,cnn_real
2018-02-01,68.34,58.0,58.0,cnn_real
2018-02-02,53.25,17.0,17.0,cnn_real
2018-02-05,25.69,18.0,18.0,cnn_real
2018-02-06,39.88,18.0,18.0,cnn_real
2018-02-07,32.95,16.0,16.0,cnn_real
2018-02-08,13.47,10.0,10.0,cnn_real
2018-02-09,20.03,10.0,10.0,cnn_real
2018-02-12,28.56,13.0,13.0,cnn_real
2018-02-13,30.57,10.0,10.0,cnn_real
2018-02-14,40.18,15.0,15.0,cnn_real
2018-02-15,50.01,18.0,18.0,cnn_real
2018-02-16,44.15,18.0,18.0,cnn_real
2018-02-20,42.05,17.0,17.0,cnn_real
2018-02-21,40.43,15.0,15.0,cnn_real
2018-02-22,41.19,18.0,18.0,cnn_real
2018-02-23,55.41,18.0,18.0,cnn_real
2018-02-26,57.59,20.0,20.0,cnn_real
2018-02-27,51.74,17.0,17.0,cnn_real
2018-02-28,47.29,15.0,15.0,cnn_real
2018-03-01,33.6,8.0,8.0,cnn_real
2018-03-02,42.88,10.0,10.0,cnn_real
2018-03-05,54.4,14.0,14.0,cnn_real
2018-03-06,71.26,26.0,26.0,cnn_real
2018-03-07,61.12,23.0,23.0,cnn_real
2018-03-08,66.56,25.0,25.0,cnn_real
2018-03-09,88.03,44.0,44.0,cnn_real
2018-03-12,86.29,40.0,40.0,cnn_real
2018-03-13,69.35,36.0,36.0,cnn_real
2018-03-14,67.18,29.0,29.0,cnn_real
2018-03-15,58.78,21.0,21.0,cnn_real
2018-03-16,52.02,19.0,19.0,cnn_real
2018-03-19,39.51,14.0,14.0,cnn_real
2018-03-20,42.54,16.0,16.0,cnn_real
2018-03-21,39.82,16.0,16.0,cnn_real
2018-03-22,22.52,11.0,11.0,cnn_real
2018-03-23,7.41,7.0,7.0,cnn_real
2018-03-26,22.75,8.0,8.0,cnn_real
2018-03-27,6.7,6.0,6.0,cnn_real
2018-03-28,4.85,7.0,7.0,cnn_real
2018-03-29,17.61,8.0,8.0,cnn_real
2018-04-02,0.33,7.0,7.0,cnn_real
2018-04-03,4.71,9.0,9.0,cnn_real
2018-04-04,10.58,11.0,11.0,cnn_real
2018-04-05,14.69,13.0,13.0,cnn_real
2018-04-06,2.25,9.0,9.0,cnn_real
2018-04-09,0.63,12.0,12.0,cnn_real
2018-04-10,11.29,14.0,14.0,cnn_real
2018-04-11,12.74,18.0,18.0,cnn_real
2018-04-12,22.46,22.0,22.0,cnn_real
2018-04-13,20.84,23.0,23.0,cnn_real
2018-04-16,24.99,25.0,25.0,cnn_real
2018-04-17,38.75,28.0,28.0,cnn_real
2018-04-18,38.74,32.0,32.0,cnn_real
2018-04-19,36.01,32.0,32.0,cnn_real
2018-04-20,38.3,38.0,38.0,cnn_real
2018-04-23,42.07,40.0,40.0,cnn_real
2018-04-24,25.03,32.0,32.0,cnn_real
2018-04-25,35.87,38.0,38.0,cnn_real
2018-04-26,47.67,42.0,42.0,cnn_real
2018-04-27,43.98,40.0,40.0,cnn_real
2018-04-30,47.91,42.0,42.0,cnn_real
2018-05-01,49.37,38.0,38.0,cnn_real
2018-05-02,43.18,39.0,39.0,cnn_real
2018-05-03,40.65,32.0,32.0,cnn_real
2018-05-04,55.69,40.0,40.0,cnn_real
2018-05-07,57.37,41.0,41.0,cnn_real
2018-05-08,51.17,49.0,49.0,cnn_real
2018-05-09,58.27,49.0,49.0,cnn_real
2018-05-10,57.01,53.0,53.0,cnn_real
2018-05-11,57.19,54.0,54.0,cnn_real
2018-05-14,57.07,54.0,54.0,cnn_real
2018-05-15,49.43,55.0,55.0,cnn_real
2018-05-16,51.27,53.0,53.0,cnn_real
2018-05-17,51.7,53.0,53.0,cnn_real
2018-05-18,49.2,52.0,52.0,cnn_real
2018-05-21,52.77,56.0,56.0,cnn_real
2018-05-22,56.42,59.0,59.0,cnn_real
2018-05-23,56.53,54.0,54.0,cnn_real
2018-05-24,51.39,48.0,48.0,cnn_real
2018-05-25,50.54,44.0,44.0,cnn_real
2018-05-29,44.45,34.0,34.0,cnn_real
2018-05-30,47.11,42.0,42.0,cnn_real
2018-05-31,47.68,43.0,43.0,cnn_real
2018-06-01,57.12,52.0,52.0,cnn_real
2018-06-04,59.43,55.0,55.0,cnn_real
2018-06-05,57.72,58.0,58.0,cnn_real
2018-06-06,62.55,65.0,65.0,cnn_real
2018-06-07,53.96,62.0,62.0,cnn_real
2018-06-08,53.46,63.0,63.0,cnn_real
2018-06-11,56.34,64.0,64.0,cnn_real
2018-06-12,57.42,65.0,65.0,cnn_real
2018-06-13,58.08,64.0,64.0,cnn_real
2018-06-14,58.02,63.0,63.0,cnn_real
2018-06-15,56.23,61.0,61.0,cnn_real
2018-06-18,58.41,61.0,61.0,cnn_real
2018-06-19,54.36,53.0,53.0,cnn_real
2018-06-20,59.65,57.0,57.0,cnn_real
2018-06-21,54.5,52.0,52.0,cnn_real
2018-06-22,54.43,52.0,52.0,cnn_real
2018-06-25,44.68,42.0,42.0,cnn_real
2018-06-26,51.23,47.0,47.0,cnn_real
2018-06-27,38.21,36.0,36.0,cnn_real
2018-06-28,41.74,39.0,39.0,cnn_real
2018-06-29,37.33,34.0,34.0,cnn_real
2018-07-02,36.52,35.0,35.0,cnn_real
2018-07-03,29.68,32.0,32.0,cnn_real
2018-07-05,31.54,33.0,33.0,cnn_real
2018-07-06,41.84,40.0,40.0,cnn_real
2018-07-09,46.14,47.0,47.0,cnn_real
2018-07-10,45.45,45.0,45.0,cnn_real
2018-07-11,40.08,41.0,41.0,cnn_real
2018-07-12,46.44,49.0,49.0,cnn_real
2018-07-13,45.31,47.0,47.0,cnn_real
2018-07-16,45.47,45.0,45.0,cnn_real
2018-07-17,48.57,49.0,49.0,cnn_real
2018-07-18,49.7,56.0,56.0,cnn_real
2018-07-19,42.31,50.0,50.0,cnn_real
2018-07-20,46.45,53.0,53.0,cnn_real
2018-07-23,50.61,58.0,58.0,cnn_real
2018-07-24,57.27,64.0,64.0,cnn_real
2018-07-25,62.52,70.0,70.0,cnn_real
2018-07-26,60.75,72.0,72.0,cnn_real
2018-07-27,52.29,67.0,67.0,cnn_real
2018-07-30,46.84,64.0,64.0,cnn_real
2018-07-31,48.11,66.0,66.0,cnn_real
2018-08-01,55.27,66.0,66.0,cnn_real
2018-08-02,58.02,68.0,68.0,cnn_real
2018-08-03,54.91,71.0,71.0,cnn_real
2018-08-06,55.27,72.0,72.0,cnn_real
2018-08-07,57.58,73.0,73.0,cnn_real
2018-08-08,60.48,74.0,74.0,cnn_real
2018-08-09,55.22,70.0,70.0,cnn_real
2018-08-10,49.94,56.0,56.0,cnn_real
2018-08-13,48.61,56.0,56.0,cnn_real
2018-08-14,50.29,58.0,58.0,cnn_real
2018-08-15,42.91,46.0,46.0,cnn_real
2018-08-16,46.77,51.0,51.0,cnn_real
2018-08-17,45.3,54.0,54.0,cnn_real
2018-08-20,41.07,61.0,61.0,cnn_real
2018-08-21,43.36,61.0,61.0,cnn_real
2018-08-22,41.78,61.0,61.0,cnn_real
2018-08-23,43.96,59.0,59.0,cnn_real
2018-08-24,51.19,68.0,68.0,cnn_real
2018-08-27,57.78,77.0,77.0,cnn_real
2018-08-28,58.49,78.0,78.0,cnn_real
2018-08-29,59.92,78.0,78.0,cnn_real
2018-08-30,55.51,73.0,73.0,cnn_real
2018-08-31,57.34,71.0,71.0,cnn_real
2018-09-04,54.29,67.0,67.0,cnn_real
2018-09-05,46.11,62.0,62.0,cnn_real
2018-09-06,40.57,53.0,53.0,cnn_real
2018-09-07,41.63,52.0,52.0,cnn_real
2018-09-10,46.09,56.0,56.0,cnn_real
2018-09-11,51.33,59.0,59.0,cnn_real
2018-09-12,48.35,59.0,59.0,cnn_real
2018-09-13,57.11,72.0,72.0,cnn_real
2018-09-14,56.09,73.0,73.0,cnn_real
2018-09-17,49.37,67.0,67.0,cnn_real
2018-09-18,56.16,73.0,73.0,cnn_real
2018-09-19,54.01,71.0,71.0,cnn_real
2018-09-20,57.77,74.0,74.0,cnn_real
2018-09-21,55.54,75.0,75.0,cnn_real
2018-09-24,54.74,70.0,70.0,cnn_real
2018-09-25,51.99,64.0,64.0,cnn_real
2018-09-26,48.97,53.0,53.0,cnn_real
2018-09-27,50.25,48.0,48.0,cnn_real
2018-09-28,51.46,47.0,47.0,cnn_real
2018-10-01,52.9,49.0,49.0,cnn_real
2018-10-02,51.17,45.0,45.0,cnn_real
2018-10-03,56.53,51.0,51.0,cnn_real
2018-10-04,50.81,43.0,43.0,cnn_real
2018-10-05,44.58,33.0,33.0,cnn_real
2018-10-08,41.26,28.0,28.0,cnn_real
2018-10-09,38.77,23.0,23.0,cnn_real
2018-10-10,18.57,8.0,8.0,cnn_real
2018-10-11,9.83,5.0,5.0,cnn_real
2018-10-12,22.89,11.0,11.0,cnn_real
2018-10-15,21.18,11.0,11.0,cnn_real
2018-10-16,30.05,13.0,13.0,cnn_real
2018-10-17,31.47,14.0,14.0,cnn_real
2018-10-18,18.82,12.0,12.0,cnn_real
2018-10-19,20.59,14.0,14.0,cnn_real
2018-10-22,22.26,16.0,16.0,cnn_real
2018-10-23,19.43,12.0,12.0,cnn_real
2018-10-24,2.43,6.0,6.0,cnn_real
2018-10-25,13.67,9.0,9.0,cnn_real
2018-10-26,2.13,7.0,7.0,cnn_real
2018-10-29,0.0,7.0,7.0,cnn_real
2018-10-30,4.27,7.0,7.0,cnn_real
2018-10-31,11.67,7.0,7.0,cnn_real
2018-11-01,19.26,6.0,6.0,cnn_real
2018-11-02,17.95,8.0,8.0,cnn_real
2018-11-05,18.6,9.0,9.0,cnn_real
2018-11-06,22.3,12.0,12.0,cnn_real
2018-11-07,42.74,25.0,25.0,cnn_real
2018-11-08,44.74,29.0,29.0,cnn_real
2018-11-09,30.32,18.0,18.0,cnn_real
2018-11-12,19.5,11.0,11.0,cnn_real
2018-11-13,15.24,10.0,10.0,cnn_real
2018-11-14,11.69,7.0,7.0,cnn_real
2018-11-15,22.81,10.0,10.0,cnn_real
2018-11-16,20.03,10.0,10.0,cnn_real
2018-11-19,8.09,8.0,8.0,cnn_real
2018-11-20,5.22,7.0,7.0,cnn_real
2018-11-21,18.03,13.0,13.0,cnn_real
2018-11-23,8.46,9.0,9.0,cnn_real
2018-11-26,23.58,17.0,17.0,cnn_real
2018-11-27,28.25,19.0,19.0,cnn_real
2018-11-28,35.39,21.0,21.0,cnn_real
2018-11-29,30.08,23.0,23.0,cnn_real
2018-11-30,29.74,22.0,22.0,cnn_real
2018-12-03,36.53,20.0,20.0,cnn_real
2018-12-04,22.4,20.0,20.0,cnn_real
2018-12-06,20.6,15.0,15.0,cnn_real
2018-12-07,4.82,11.0,11.0,cnn_real
2018-12-10,8.09,9.0,9.0,cnn_real
2018-12-11,14.66,8.0,8.0,cnn_real
2018-12-12,25.01,10.0,10.0,cnn_real
2018-12-13,25.43,11.0,11.0,cnn_real
2018-12-14,18.83,8.0,8.0,cnn_real
2018-12-17,7.59,10.0,10.0,cnn_real
2018-12-18,10.04,8.0,8.0,cnn_real
2018-12-19,7.24,8.0,8.0,cnn_real
2018-12-20,6.44,5.0,5.0,cnn_real
2018-12-21,0.0,3.0,3.0,cnn_real
2018-12-24,0.0,2.0,2.0,cnn_real
2018-12-26,7.16,4.0,4.0,cnn_real
2018-12-27,7.23,8.0,8.0,cnn_real
2018-12-28,1.43,12.0,12.0,cnn_real
2018-12-31,4.64,12.0,12.0,cnn_real
2019-01-02,5.51,12.0,12.0,cnn_real
2019-01-03,0.0,10.0,10.0,cnn_real
2019-01-04,15.79,16.0,16.0,cnn_real
2019-01-07,22.17,19.0,19.0,cnn_real
2019-01-08,31.03,22.0,22.0,cnn_real
2019-01-09,31.92,27.0,27.0,cnn_real
2019-01-10,33.56,31.0,31.0,cnn_real
2019-01-11,29.84,30.0,30.0,cnn_real
2019-01-14,28.09,28.0,28.0,cnn_real
2019-01-15,38.0,31.0,31.0,cnn_real
2019-01-16,43.07,36.0,36.0,cnn_real
2019-01-17,46.27,44.0,44.0,cnn_real
2019-01-18,55.42,51.0,51.0,cnn_real
2019-01-22,50.56,51.0,51.0,cnn_real
2019-01-23,56.58,55.0,55.0,cnn_real
2019-01-24,63.39,58.0,58.0,cnn_real
2019-01-25,54.13,58.0,58.0,cnn_real
2019-01-28,50.37,55.0,55.0,cnn_real
2019-01-29,48.83,55.0,55.0,cnn_real
2019-01-30,55.67,58.0,58.0,cnn_real
2019-01-31,58.97,58.0,58.0,cnn_real
2019-02-01,65.04,61.0,61.0,cnn_real
2019-02-04,58.63,62.0,62.0,cnn_real
2019-02-05,56.49,64.0,64.0,cnn_real
2019-02-06,53.37,63.0,63.0,cnn_real
2019-02-07,48.12,63.0,63.0,cnn_real
2019-02-08,46.23,63.0,63.0,cnn_real
2019-02-11,48.81,62.0,62.0,cnn_real
2019-02-12,54.71,67.0,67.0,cnn_real
2019-02-13,52.06,65.0,65.0,cnn_real
2019-02-14,51.37,67.0,67.0,cnn_real
2019-02-15,51.8,67.0,67.0,cnn_real
2019-02-19,50.0,69.0,69.0,cnn_real
2019-02-20,55.69,70.0,70.0,cnn_real
2019-02-21,55.33,70.0,70.0,cnn_real
2019-02-22,56.42,69.0,69.0,cnn_real
2019-02-25,55.28,70.0,70.0,cnn_real
2019-02-26,57.07,70.0,70.0,cnn_real
2019-02-27,60.29,72.0,72.0,cnn_real
2019-02-28,56.39,72.0,72.0,cnn_real
2019-03-01,59.28,71.0,71.0,cnn_real
2019-03-04,57.49,65.0,65.0,cnn_real
2019-03-05,54.69,63.0,63.0,cnn_real
2019-03-06,51.4,61.0,61.0,cnn_real
2019-03-07,47.2,58.0,58.0,cnn_real
2019-03-08,48.95,55.0,55.0,cnn_real
2019-03-11,55.79,59.0,59.0,cnn_real
2019-03-12,56.41,59.0,59.0,cnn_real
2019-03-13,56.53,60.0,60.0,cnn_real
2019-03-14,56.11,60.0,60.0,cnn_real
2019-03-15,58.39,65.0,65.0,cnn_real
2019-03-18,57.64,67.0,67.0,cnn_real
2019-03-19,58.61,67.0,67.0,cnn_real
2019-03-20,57.72,64.0,64.0,cnn_real
2019-03-21,61.17,64.0,64.0,cnn_real
2019-03-22,51.31,59.0,59.0,cnn_real
2019-03-25,49.02,55.0,55.0,cnn_real
2019-03-26,51.55,51.0,51.0,cnn_real
2019-03-27,48.18,52.0,52.0,cnn_real
2019-03-28,48.88,48.0,48.0,cnn_real
2019-03-29,49.62,49.0,49.0,cnn_real
2019-04-01,55.99,56.0,56.0,cnn_real
2019-04-02,56.63,56.0,56.0,cnn_real
2019-04-03,60.63,64.0,64.0,cnn_real
2019-04-04,63.41,70.0,70.0,cnn_real
2019-04-05,65.84,74.0,74.0,cnn_real
2019-04-08,63.24,72.0,72.0,cnn_real
2019-04-09,60.81,70.0,70.0,cnn_real
2019-04-10,59.9,72.0,72.0,cnn_real
2019-04-11,59.96,68.0,68.0,cnn_real
2019-04-12,62.11,72.0,72.0,cnn_real
2019-04-15,61.8,70.0,70.0,cnn_real
2019-04-16,62.86,69.0,69.0,cnn_real
2019-04-17,63.89,71.0,71.0,cnn_real
2019-04-18,61.85,70.0,70.0,cnn_real
2019-04-22,68.77,71.0,71.0,cnn_real
2019-04-23,72.1,73.0,73.0,cnn_real
2019-04-24,68.16,70.0,70.0,cnn_real
2019-04-25,70.61,71.0,71.0,cnn_real
2019-04-26,69.84,72.0,72.0,cnn_real
2019-04-29,68.92,69.0,69.0,cnn_real
2019-04-30,62.81,65.0,65.0,cnn_real
2019-05-01,60.86,65.0,65.0,cnn_real
2019-05-02,59.16,59.0,59.0,cnn_real
2019-05-03,63.11,58.0,58.0,cnn_real
2019-05-06,59.65,40.0,40.0,cnn_real
2019-05-07,50.55,42.0,42.0,cnn_real
2019-05-08,52.5,42.0,42.0,cnn_real
2019-05-09,49.95,40.0,40.0,cnn_real
2019-05-10,51.16,41.0,41.0,cnn_real
2019-05-13,36.7,35.0,35.0,cnn_real
2019-05-14,40.27,35.0,35.0,cnn_real
2019-05-15,41.88,35.0,35.0,cnn_real
2019-05-16,46.03,37.0,37.0,cnn_real
2019-05-17,43.46,36.0,36.0,cnn_real
2019-05-20,39.25,33.0,33.0,cnn_real
2019-05-21,41.63,34.0,34.0,cnn_real
2019-05-22,42.13,32.0,32.0,cnn_real
2019-05-23,34.66,28.0,28.0,cnn_real
2019-05-24,34.61,27.0,27.0,cnn_real
2019-05-28,31.34,23.0,23.0,cnn_real
2019-05-29,30.14,25.0,25.0,cnn_real
2019-05-30,31.1,24.0,24.0,cnn_real
2019-05-31,23.64,24.0,24.0,cnn_real
2019-06-03,16.87,25.0,25.0,cnn_real
2019-06-04,27.49,28.0,28.0,cnn_real
2019-06-05,34.17,29.0,29.0,cnn_real
2019-06-06,35.62,29.0,29.0,cnn_real
2019-06-07,40.6,32.0,32.0,cnn_real
2019-06-10,44.44,37.0,37.0,cnn_real
2019-06-11,52.09,36.0,36.0,cnn_real
2019-06-12,47.9,34.0,34.0,cnn_real
2019-06-13,47.9,39.0,39.0,cnn_real
2019-06-14,44.18,38.0,38.0,cnn_real
2019-06-17,46.83,40.0,40.0,cnn_real
2019-06-18,51.89,44.0,44.0,cnn_real
2019-06-19,50.36,42.0,42.0,cnn_real
2019-06-20,53.31,45.0,45.0,cnn_real
2019-06-21,57.69,52.0,52.0,cnn_real
2019-06-24,56.86,50.0,50.0,cnn_real
2019-06-25,53.23,44.0,44.0,cnn_real
2019-06-26,56.92,48.0,48.0,cnn_real
2019-06-27,57.52,47.0,47.0,cnn_real
2019-06-28,62.37,50.0,50.0,cnn_real
2019-07-01,69.9,55.0,55.0,cnn_real
2019-07-02,63.98,62.0,62.0,cnn_real
2019-07-03,63.88,62.0,62.0,cnn_real
2019-07-05,63.79,61.0,61.0,cnn_real
2019-07-08,59.96,59.0,59.0,cnn_real
2019-07-09,58.04,56.0,56.0,cnn_real
2019-07-10,60.04,58.0,58.0,cnn_real
2019-07-11,63.17,62.0,62.0,cnn_real
2019-07-12,63.84,64.0,64.0,cnn_real
2019-07-15,64.71,57.0,57.0,cnn_real
2019-07-16,63.13,55.0,55.0,cnn_real
2019-07-17,58.0,47.0,47.0,cnn_real
2019-07-18,57.73,47.0,47.0,cnn_real
2019-07-19,55.11,44.0,44.0,cnn_real
2019-07-22,56.59,44.0,44.0,cnn_real
2019-07-23,59.96,50.0,50.0,cnn_real
2019-07-24,63.6,57.0,57.0,cnn_real
2019-07-25,60.12,55.0,55.0,cnn_real
2019-07-26,63.32,60.0,60.0,cnn_real
2019-07-29,62.39,58.0,58.0,cnn_real
2019-07-30,59.65,53.0,53.0,cnn_real
2019-07-31,55.08,48.0,48.0,cnn_real
2019-08-01,49.13,43.0,43.0,cnn_real
2019-08-02,43.33,36.0,36.0,cnn_real
2019-08-05,31.64,22.0,22.0,cnn_real
2019-08-06,34.34,27.0,27.0,cnn_real
2019-08-07,34.4,25.0,25.0,cnn_real
2019-08-08,38.73,25.0,25.0,cnn_real
2019-08-09,36.2,25.0,25.0,cnn_real
2019-08-12,30.53,23.0,23.0,cnn_real
2019-08-13,37.97,27.0,27.0,cnn_real
2019-08-14,29.49,21.0,21.0,cnn_real
2019-08-15,29.0,19.0,19.0,cnn_real
2019-08-16,34.48,20.0,20.0,cnn_real
2019-08-19,39.61,26.0,26.0,cnn_real
2019-08-20,35.05,23.0,23.0,cnn_real
2019-08-21,38.02,25.0,25.0,cnn_real
2019-08-22,39.09,25.0,25.0,cnn_real
2019-08-23,27.45,18.0,18.0,cnn_real
2019-08-26,32.74,19.0,19.0,cnn_real
2019-08-27,31.1,16.0,16.0,cnn_real
2019-08-28,35.02,18.0,18.0,cnn_real
2019-08-29,43.2,26.0,26.0,cnn_real
2019-08-30,45.03,23.0,23.0,cnn_real
2019-09-03,49.2,25.0,25.0,cnn_real
2019-09-04,51.35,28.0,28.0,cnn_real
2019-09-05,58.17,39.0,39.0,cnn_real
2019-09-06,54.65,35.0,35.0,cnn_real
2019-09-09,57.14,45.0,45.0,cnn_real
2019-09-10,62.75,55.0,55.0,cnn_real
2019-09-11,61.18,57.0,57.0,cnn_real
2019-09-12,69.46,65.0,65.0,cnn_real
2019-09-13,71.93,68.0,68.0,cnn_real
2019-09-16,67.28,67.0,67.0,cnn_real
2019-09-17,64.16,66.0,66.0,cnn_real
2019-09-18,65.92,66.0,66.0,cnn_real
2019-09-19,63.83,63.0,63.0,cnn_real
2019-09-20,58.68,58.0,58.0,cnn_real
2019-09-23,64.3,59.0,59.0,cnn_real
2019-09-24,56.77,54.0,54.0,cnn_real
2019-09-25,62.67,59.0,59.0,cnn_real
2019-09-26,60.23,57.0,57.0,cnn_real
2019-09-27,54.21,52.0,52.0,cnn_real
2019-09-30,56.56,54.0,54.0,cnn_real
2019-10-01,55.26,48.0,48.0,cnn_real
2019-10-02,48.05,34.0,34.0,cnn_real
2019-10-03,44.77,29.0,29.0,cnn_real
2019-10-04,48.74,32.0,32.0,cnn_real
2019-10-07,47.25,30.0,30.0,cnn_real
2019-10-08,40.6,29.0,29.0,cnn_real
2019-10-09,42.51,30.0,30.0,cnn_real
2019-10-10,45.37,36.0,36.0,cnn_real
2019-10-11,48.56,42.0,42.0,cnn_real
2019-10-14,49.24,42.0,42.0,cnn_real
2019-10-15,53.71,42.0,42.0,cnn_real
2019-10-16,53.18,47.0,47.0,cnn_real
2019-10-17,54.3,50.0,50.0,cnn_real
2019-10-18,54.64,50.0,50.0,cnn_real
2019-10-21,57.95,56.0,56.0,cnn_real
2019-10-22,58.36,59.0,59.0,cnn_real
2019-10-23,55.9,55.0,55.0,cnn_real
2019-10-24,59.16,57.0,57.0,cnn_real
2019-10-25,63.64,62.0,62.0,cnn_real
2019-10-28,65.46,67.0,67.0,cnn_real
2019-10-29,65.44,71.0,71.0,cnn_real
2019-10-30,68.79,75.0,75.0,cnn_real
2019-10-31,66.1,72.0,72.0,cnn_real
2019-11-01,67.25,80.0,80.0,cnn_real
2019-11-04,69.24,86.0,86.0,cnn_real
2019-11-05,73.07,89.0,89.0,cnn_real
2019-11-06,68.89,88.0,88.0,cnn_real
2019-11-07,68.7,91.0,91.0,cnn_real
2019-11-08,66.52,91.0,91.0,cnn_real
2019-11-11,66.55,89.0,89.0,cnn_real
2019-11-12,63.93,88.0,88.0,cnn_real
2019-11-13,63.75,87.0,87.0,cnn_real
2019-11-14,61.56,83.0,83.0,cnn_real
2019-11-15,65.09,87.0,87.0,cnn_real
2019-11-18,62.48,83.0,83.0,cnn_real
2019-11-19,62.96,80.0,80.0,cnn_real
2019-11-20,60.01,74.0,74.0,cnn_real
2019-11-21,58.92,70.0,70.0,cnn_real
2019-11-22,57.56,69.0,69.0,cnn_real
2019-11-25,57.87,70.0,70.0,cnn_real
2019-11-26,58.64,69.0,69.0,cnn_real
2019-11-27,61.11,78.0,78.0,cnn_real
2019-11-29,62.04,79.0,79.0,cnn_real
2019-12-02,58.27,74.0,74.0,cnn_real
2019-12-03,50.97,63.0,63.0,cnn_real
2019-12-04,51.96,67.0,67.0,cnn_real
2019-12-05,54.77,67.0,67.0,cnn_real
2019-12-06,55.43,70.0,70.0,cnn_real
2019-12-09,52.8,68.0,68.0,cnn_real
2019-12-10,53.4,65.0,65.0,cnn_real
2019-12-11,53.6,61.0,61.0,cnn_real
2019-12-12,58.42,74.0,74.0,cnn_real
2019-12-13,59.17,75.0,75.0,cnn_real
2019-12-16,60.87,82.0,82.0,cnn_real
2019-12-17,61.95,85.0,85.0,cnn_real
2019-12-18,63.58,87.0,87.0,cnn_real
2019-12-19,66.3,90.0,90.0,cnn_real
2019-12-20,66.32,91.0,91.0,cnn_real
2019-12-23,66.13,92.0,92.0,cnn_real
2019-12-24,64.59,91.0,91.0,cnn_real
2019-12-26,66.36,93.0,93.0,cnn_real
2019-12-27,63.93,91.0,91.0,cnn_real
2019-12-30,62.07,90.0,90.0,cnn_real
2019-12-31,64.38,93.0,93.0,cnn_real
2020-01-02,72.21,97.0,97.0,cnn_real
2020-01-03,65.63,93.0,93.0,cnn_real
2020-01-06,66.98,93.0,93.0,cnn_real
2020-01-07,64.95,89.0,89.0,cnn_real
2020-01-08,68.4,92.0,92.0,cnn_real
2020-01-09,69.56,93.0,93.0,cnn_real
2020-01-10,67.96,91.0,91.0,cnn_real
2020-01-13,68.1,90.0,90.0,cnn_real
2020-01-14,67.42,91.0,91.0,cnn_real
2020-01-15,63.81,87.0,87.0,cnn_real
2020-01-16,65.79,89.0,89.0,cnn_real
2020-01-17,65.91,89.0,89.0,cnn_real
2020-01-21,63.19,82.0,82.0,cnn_real
2020-01-22,63.53,74.0,74.0,cnn_real
2020-01-23,62.95,68.0,68.0,cnn_real
2020-01-24,58.46,62.0,62.0,cnn_real
2020-01-27,47.4,48.0,48.0,cnn_real
2020-01-28,55.42,52.0,52.0,cnn_real
2020-01-29,55.81,53.0,53.0,cnn_real
2020-01-30,55.17,56.0,56.0,cnn_real
2020-01-31,44.94,44.0,44.0,cnn_real
2020-02-03,53.48,46.0,46.0,cnn_real
2020-02-04,61.17,55.0,55.0,cnn_real
2020-02-05,62.95,60.0,60.0,cnn_real
2020-02-06,63.18,64.0,64.0,cnn_real
2020-02-07,58.83,57.0,57.0,cnn_real
2020-02-10,62.85,55.0,55.0,cnn_real
2020-02-11,60.92,56.0,56.0,cnn_real
2020-02-12,65.46,59.0,59.0,cnn_real
2020-02-13,65.25,58.0,58.0,cnn_real
2020-02-14,63.38,55.0,55.0,cnn_real
2020-02-18,61.35,51.0,51.0,cnn_real
2020-02-19,65.78,53.0,53.0,cnn_real
2020-02-20,60.61,50.0,50.0,cnn_real
2020-02-21,52.7,44.0,44.0,cnn_real
2020-02-24,37.77,29.0,29.0,cnn_real
2020-02-25,31.68,22.0,22.0,cnn_real
2020-02-26,30.14,21.0,21.0,cnn_real
2020-02-27,14.23,13.0,13.0,cnn_real
2020-02-28,11.05,10.0,10.0,cnn_real
2020-03-02,31.02,14.0,14.0,cnn_real
2020-03-03,13.6,10.0,10.0,cnn_real
2020-03-04,23.83,15.0,15.0,cnn_real
2020-03-05,8.17,9.0,9.0,cnn_real
2020-03-06,0.0,7.0,7.0,cnn_real
2020-03-09,0.0,3.0,3.0,cnn_real
2020-03-10,0.43,6.0,6.0,cnn_real
2020-03-11,0.0,4.0,4.0,cnn_real
2020-03-12,0.0,2.0,2.0,cnn_real
2020-03-13,0.0,5.0,5.0,cnn_real
2020-03-16,0.0,3.0,3.0,cnn_real
2020-03-17,0.0,4.0,4.0,cnn_real
2020-03-18,0.0,5.0,5.0,cnn_real
2020-03-19,0.17,7.0,7.0,cnn_real
2020-03-20,0.0,8.0,8.0,cnn_real
2020-03-23,0.0,5.0,5.0,cnn_real
2020-03-24,0.0,13.0,13.0,cnn_real
2020-03-25,0.0,17.0,17.0,cnn_real
2020-03-26,14.29,22.0,22.0,cnn_real
2020-03-27,9.68,23.0,23.0,cnn_real
2020-03-30,10.88,25.0,25.0,cnn_real
2020-03-31,15.28,25.0,25.0,cnn_real
2020-04-01,1.18,22.0,22.0,cnn_real
2020-04-02,10.68,21.0,21.0,cnn_real
2020-04-03,11.74,22.0,22.0,cnn_real
2020-04-06,34.06,27.0,27.0,cnn_real
2020-04-07,23.13,25.0,25.0,cnn_real
2020-04-08,29.43,31.0,31.0,cnn_real
2020-04-09,39.36,43.0,43.0,cnn_real
2020-04-13,34.86,37.0,37.0,cnn_real
2020-04-14,65.14,45.0,45.0,cnn_real
2020-04-15,42.31,41.0,41.0,cnn_real
2020-04-16,46.85,42.0,42.0,cnn_real
2020-04-17,47.71,44.0,44.0,cnn_real
2020-04-20,52.07,41.0,41.0,cnn_real
2020-04-21,55.22,40.0,40.0,cnn_real
2020-04-22,52.07,40.0,40.0,cnn_real
2020-04-23,54.17,40.0,40.0,cnn_real
2020-04-24,46.38,39.0,39.0,cnn_real
2020-04-27,53.64,42.0,42.0,cnn_real
2020-04-28,47.08,41.0,41.0,cnn_real
2020-04-29,56.84,47.0,47.0,cnn_real
2020-04-30,63.93,47.0,47.0,cnn_real
2020-05-01,53.28,42.0,42.0,cnn_real
2020-05-04,58.56,44.0,44.0,cnn_real
2020-05-05,55.11,44.0,44.0,cnn_real
2020-05-06,56.91,40.0,40.0,cnn_real
2020-05-07,56.09,40.0,40.0,cnn_real
2020-05-08,58.85,45.0,45.0,cnn_real
2020-05-11,60.98,44.0,44.0,cnn_real
2020-05-12,50.37,39.0,39.0,cnn_real
2020-05-13,49.81,39.0,39.0,cnn_real
2020-05-14,48.82,38.0,38.0,cnn_real
2020-05-15,48.76,39.0,39.0,cnn_real
2020-05-18,56.58,47.0,47.0,cnn_real
2020-05-19,60.64,48.0,48.0,cnn_real
2020-05-20,60.84,52.0,52.0,cnn_real
2020-05-21,59.31,52.0,52.0,cnn_real
2020-05-22,59.74,50.0,50.0,cnn_real
2020-05-26,57.9,50.0,50.0,cnn_real
2020-05-27,60.43,53.0,53.0,cnn_real
2020-05-28,55.69,50.0,50.0,cnn_real
2020-05-29,56.73,52.0,52.0,cnn_real
2020-06-01,62.22,58.0,58.0,cnn_real
2020-06-02,63.74,58.0,58.0,cnn_real
2020-06-03,63.49,60.0,60.0,cnn_real
2020-06-04,60.87,62.0,62.0,cnn_real
2020-06-05,64.51,66.0,66.0,cnn_real
2020-06-08,61.95,67.0,67.0,cnn_real
2020-06-09,60.18,67.0,67.0,cnn_real
2020-06-10,63.63,67.0,67.0,cnn_real
2020-06-11,52.33,56.0,56.0,cnn_real
2020-06-12,55.48,54.0,54.0,cnn_real
2020-06-15,56.95,53.0,53.0,cnn_real
2020-06-16,57.66,52.0,52.0,cnn_real
2020-06-17,58.05,52.0,52.0,cnn_real
2020-06-18,56.48,51.0,51.0,cnn_real
2020-06-19,56.62,52.0,52.0,cnn_real
2020-06-22,58.3,52.0,52.0,cnn_real
2020-06-23,58.95,52.0,52.0,cnn_real
2020-06-24,53.42,48.0,48.0,cnn_real
2020-06-25,55.23,49.0,49.0,cnn_real
2020-06-26,48.43,45.0,45.0,cnn_real
2020-06-29,48.36,48.0,48.0,cnn_real
2020-06-30,51.6,47.0,47.0,cnn_real
2020-07-01,52.07,48.0,48.0,cnn_real
2020-07-02,53.75,50.0,50.0,cnn_real
2020-07-06,55.38,51.0,51.0,cnn_real
2020-07-07,52.39,49.0,49.0,cnn_real
2020-07-08,55.42,52.0,52.0,cnn_real
2020-07-09,55.78,53.0,53.0,cnn_real
2020-07-10,63.47,59.0,59.0,cnn_real
2020-07-13,57.15,53.0,53.0,cnn_real
2020-07-14,58.37,61.0,61.0,cnn_real
2020-07-15,56.85,62.0,62.0,cnn_real
2020-07-16,55.45,62.0,62.0,cnn_real
2020-07-17,55.98,63.0,63.0,cnn_real
2020-07-20,61.51,65.0,65.0,cnn_real
2020-07-21,58.71,65.0,65.0,cnn_real
2020-07-22,57.98,65.0,65.0,cnn_real
2020-07-23,55.42,68.0,68.0,cnn_real
2020-07-24,53.34,63.0,63.0,cnn_real
2020-07-27,60.53,65.0,65.0,cnn_real
2020-07-28,58.13,63.0,63.0,cnn_real
2020-07-29,57.64,64.0,64.0,cnn_real
2020-07-30,57.72,62.0,62.0,cnn_real
2020-07-31,59.81,65.0,65.0,cnn_real
2020-08-03,58.86,67.0,67.0,cnn_real
2020-08-04,60.28,67.0,67.0,cnn_real
2020-08-05,59.45,70.0,70.0,cnn_real
2020-08-06,61.22,73.0,73.0,cnn_real
2020-08-07,57.92,72.0,72.0,cnn_real
2020-08-10,59.53,75.0,75.0,cnn_real
2020-08-11,54.91,71.0,71.0,cnn_real
2020-08-12,59.23,73.0,73.0,cnn_real
2020-08-13,61.05,72.0,72.0,cnn_real
2020-08-14,60.74,72.0,72.0,cnn_real
2020-08-17,60.35,71.0,71.0,cnn_real
2020-08-18,61.8,70.0,70.0,cnn_real
2020-08-19,60.25,68.0,68.0,cnn_real
2020-08-20,64.41,70.0,70.0,cnn_real
2020-08-21,65.26,70.0,70.0,cnn_real
2020-08-24,64.44,71.0,71.0,cnn_real
2020-08-25,67.48,73.0,73.0,cnn_real
2020-08-26,69.12,74.0,74.0,cnn_real
2020-08-27,68.31,76.0,76.0,cnn_real
2020-08-28,66.88,77.0,77.0,cnn_real
2020-08-31,65.84,74.0,74.0,cnn_real
2020-09-01,67.69,77.0,77.0,cnn_real
2020-09-02,67.32,78.0,78.0,cnn_real
2020-09-03,55.94,60.0,60.0,cnn_real
2020-09-04,55.92,59.0,59.0,cnn_real
2020-09-08,46.96,55.0,55.0,cnn_real
2020-09-09,54.12,65.0,65.0,cnn_real
2020-09-10,47.45,59.0,59.0,cnn_real
2020-09-11,45.5,58.0,58.0,cnn_real
2020-09-14,47.79,59.0,59.0,cnn_real
2020-09-15,48.94,59.0,59.0,cnn_real
2020-09-16,45.73,56.0,56.0,cnn_real
2020-09-17,43.48,53.0,53.0,cnn_real
2020-09-18,39.31,50.0,50.0,cnn_real
2020-09-21,37.18,50.0,50.0,cnn_real
2020-09-22,37.47,50.0,50.0,cnn_real
2020-09-23,30.51,50.0,50.0,cnn_real
2020-09-24,28.73,50.0,50.0,cnn_real
2020-09-25,30.34,50.0,50.0,cnn_real
2020-09-28,32.61,50.0,50.0,cnn_real
2020-09-29,31.33,50.0,50.0,cnn_real
2020-09-30,31.77,50.0,50.0,cnn_real
2020-10-01,33.44,50.0,50.0,cnn_real
2020-10-02,33.2,50.0,50.0,cnn_real
2020-10-05,37.83,50.0,50.0,cnn_real
2020-10-06,38.34,50.0,50.0,cnn_real
2020-10-07,40.2,50.0,50.0,cnn_real
2020-10-08,44.13,50.0,50.0,cnn_real
2020-10-09,48.17,50.0,50.0,cnn_real
2020-10-12,52.71,50.0,50.0,cnn_real
2020-10-13,52.17,50.0,50.0,cnn_real
2020-10-14,52.29,50.0,50.0,cnn_real
2020-10-15,53.03,50.0,50.0,cnn_real
2020-10-16,53.36,50.0,50.0,cnn_real
2020-10-19,50.64,50.0,50.0,cnn_real
2020-10-20,50.21,50.0,50.0,cnn_real
2020-10-21,51.76,50.0,50.0,cnn_real
2020-10-22,52.23,50.0,50.0,cnn_real
2020-10-23,51.76,50.0,50.0,cnn_real
2020-10-26,47.39,2.7,2.7,cnn_real
2020-10-27,47.18,2.3,2.3,cnn_real
2020-10-28,38.82,0.3,0.3,cnn_real
2020-10-29,40.07,1.1,1.1,cnn_real
2020-10-30,37.37,1.9,1.9,cnn_real
2020-11-02,35.84,2.8,2.8,cnn_real
2020-11-03,40.59,3.6,3.6,cnn_real
2020-11-04,45.18,50.0,50.0,cnn_real
2020-11-05,49.56,50.0,50.0,cnn_real
2020-11-06,50.25,50.0,50.0,cnn_real
2020-11-09,48.53,50.0,50.0,cnn_real
2020-11-10,48.61,50.0,50.0,cnn_real
2020-11-11,52.91,50.0,50.0,cnn_real
2020-11-12,51.72,50.0,50.0,cnn_real
2020-11-13,54.55,50.0,50.0,cnn_real
2020-11-16,57.98,50.0,50.0,cnn_real
2020-11-17,58.38,50.0,50.0,cnn_real
2020-11-18,57.66,50.0,50.0,cnn_real
2020-11-19,59.17,50.0,50.0,cnn_real
2020-11-20,58.81,50.0,50.0,cnn_real
2020-11-23,61.11,50.0,50.0,cnn_real
2020-11-24,64.15,50.0,50.0,cnn_real
2020-11-25,67.91,50.0,50.0,cnn_real
2020-11-27,67.71,50.0,50.0,cnn_real
2020-11-30,68.16,50.0,50.0,cnn_real
2020-12-01,69.83,50.0,50.0,cnn_real
2020-12-02,69.25,50.0,50.0,cnn_real
2020-12-03,67.85,50.0,50.0,cnn_real
2020-12-04,68.57,50.0,50.0,cnn_real
2020-12-07,69.09,50.0,50.0,cnn_real
2020-12-08,70.57,50.0,50.0,cnn_real
2020-12-09,68.58,50.0,50.0,cnn_real
2020-12-10,67.81,50.0,50.0,cnn_real
2020-12-11,67.23,50.0,50.0,cnn_real
2020-12-14,65.8,50.0,50.0,cnn_real
2020-12-15,66.6,50.0,50.0,cnn_real
2020-12-16,67.19,50.0,50.0,cnn_real
2020-12-17,68.07,50.0,50.0,cnn_real
2020-12-18,66.15,50.0,50.0,cnn_real
2020-12-21,64.26,50.0,50.0,cnn_real
2020-12-22,62.54,50.0,50.0,cnn_real
2020-12-23,60.54,50.0,50.0,cnn_real
2020-12-24,59.68,50.0,50.0,cnn_real
2020-12-28,59.2,50.0,50.0,cnn_real
2020-12-29,57.41,50.0,50.0,cnn_real
2020-12-30,55.84,50.0,50.0,cnn_real
2020-12-31,55.09,50.0,50.0,cnn_real
2021-01-04,52.04,50.0,50.0,cnn_real
2021-01-05,52.81,50.0,50.0,cnn_real
2021-01-06,51.87,50.0,50.0,cnn_real
2021-01-07,55.73,50.0,50.0,cnn_real
2021-01-08,58.79,50.0,50.0,cnn_real
2021-01-11,57.26,50.0,50.0,cnn_real
2021-01-12,58.13,50.0,50.0,cnn_real
2021-01-13,58.36,50.0,50.0,cnn_real
2021-01-14,57.76,50.0,50.0,cnn_real
2021-01-15,56.17,50.0,50.0,cnn_real
2021-01-19,58.12,50.0,50.0,cnn_real
2021-01-20,61.22,50.0,50.0,cnn_real
2021-01-21,61.93,50.0,50.0,cnn_real
2021-01-22,61.1,68.9,68.9,cnn_real
2021-01-25,61.07,69.7,69.7,cnn_real
2021-01-26,60.55,67.4,67.4,cnn_real
2021-01-27,54.85,28.2,28.2,cnn_real
2021-01-28,55.55,52.9,52.9,cnn_real
2021-01-29,51.39,40.97,40.97,cnn_real
2021-02-01,54.34,43.4,43.4,cnn_real
2021-02-02,57.68,60.47,60.47,cnn_real
2021-02-03,57.23,59.2,59.2,cnn_real
2021-02-04,59.99,61.07,61.07,cnn_real
2021-02-05,60.17,68.0,68.0,cnn_real
2021-02-08,61.39,72.87,72.87,cnn_real
2021-02-09,62.4,75.4,75.4,cnn_real
2021-02-10,62.7,75.27,75.27,cnn_real
2021-02-11,63.98,76.0,76.0,cnn_real
2021-02-12,65.92,77.67,77.67,cnn_real
2021-02-16,67.09,73.93,73.93,cnn_real
2021-02-17,65.66,70.2,70.2,cnn_real
2021-02-18,63.46,62.53,62.53,cnn_real
2021-02-19,62.8,56.24,56.24,cnn_real
2021-02-22,59.45,52.48,52.48,cnn_real
2021-02-23,59.03,50.56,50.56,cnn_real
2021-02-24,60.32,63.8,63.8,cnn_real
2021-02-25,56.47,46.16,46.16,cnn_real
2021-02-26,54.29,53.52,53.52,cnn_real
2021-03-01,58.73,58.52,58.52,cnn_real
2021-03-02,54.56,50.32,50.32,cnn_real
2021-03-03,49.56,43.84,43.84,cnn_real
2021-03-04,46.8,37.8,37.8,cnn_real
2021-03-05,48.4,41.52,41.52,cnn_real
2021-03-08,44.41,39.08,39.08,cnn_real
2021-03-09,48.04,43.36,43.36,cnn_real
2021-03-10,48.09,45.56,45.56,cnn_real
2021-03-11,51.64,50.48,50.48,cnn_real
2021-03-12,51.22,53.72,53.72,cnn_real
2021-03-15,52.64,56.52,56.52,cnn_real
2021-03-16,52.68,54.8,54.8,cnn_real
2021-03-17,54.34,57.87,57.87,cnn_real
2021-03-18,49.52,52.33,52.33,cnn_real
2021-03-19,49.48,50.83,50.83,cnn_real
2021-03-22,52.77,50.7,50.7,cnn_real
2021-03-23,49.94,41.8,41.8,cnn_real
2021-03-24,44.81,37.67,37.67,cnn_real
2021-03-25,45.6,37.83,37.83,cnn_real
2021-03-26,48.44,37.57,37.57,cnn_real
2021-03-29,44.63,39.57,39.57,cnn_real
2021-03-30,44.34,42.03,42.03,cnn_real
2021-03-31,47.86,44.57,44.57,cnn_real
2021-04-01,50.59,46.4,46.4,cnn_real
2021-04-05,52.47,54.57,54.57,cnn_real
2021-04-06,54.1,53.5,53.5,cnn_real
2021-04-07,51.7,52.53,52.53,cnn_real
2021-04-08,53.72,48.1,48.1,cnn_real
2021-04-09,52.99,47.5,47.5,cnn_real
2021-04-12,52.58,43.43,43.43,cnn_real
2021-04-13,52.97,43.63,43.63,cnn_real
2021-04-14,50.06,39.97,39.97,cnn_real
2021-04-15,51.74,47.17,47.17,cnn_real
2021-04-16,55.22,51.3,51.3,cnn_real
2021-04-19,52.57,45.27,45.27,cnn_real
2021-04-20,48.09,42.87,42.87,cnn_real
2021-04-21,50.98,49.63,49.63,cnn_real
2021-04-22,48.93,46.7,46.7,cnn_real
2021-04-23,51.69,47.7,47.7,cnn_real
2021-04-26,51.53,50.53,50.53,cnn_real
2021-04-27,51.2,54.8,54.8,cnn_real
2021-04-28,51.63,52.4,52.4,cnn_real
2021-04-29,51.17,56.17,56.17,cnn_real
2021-04-30,47.93,46.53,46.53,cnn_real
2021-05-03,44.15,47.57,47.57,cnn_real
2021-05-04,40.39,43.47,43.47,cnn_real
2021-05-05,39.2,43.03,43.03,cnn_real
2021-05-06,40.31,43.93,43.93,cnn_real
2021-05-07,41.86,48.17,48.17,cnn_real
2021-05-10,36.29,44.93,44.93,cnn_real
2021-05-11,35.53,42.03,42.03,cnn_real
2021-05-12,30.36,26.77,26.77,cnn_real
2021-05-13,31.49,34.43,34.43,cnn_real
2021-05-14,36.74,36.0,36.0,cnn_real
2021-05-17,36.9,36.37,36.37,cnn_real
2021-05-18,36.49,34.03,34.03,cnn_real
2021-05-19,35.42,32.33,32.33,cnn_real
2021-05-20,40.18,32.3,32.3,cnn_real
2021-05-21,37.63,29.43,29.43,cnn_real
2021-05-24,40.86,29.5,29.5,cnn_real
2021-05-25,40.17,26.67,26.67,cnn_real
2021-05-26,41.98,28.13,28.13,cnn_real
2021-05-27,41.9,30.3,30.3,cnn_real
2021-05-28,43.66,31.57,31.57,cnn_real
2021-06-01,44.62,35.4,35.4,cnn_real
2021-06-02,47.91,42.13,42.13,cnn_real
2021-06-03,47.23,40.8,40.8,cnn_real
2021-06-04,50.49,41.9,41.9,cnn_real
2021-06-07,51.39,44.47,44.47,cnn_real
2021-06-08,54.04,46.47,46.47,cnn_real
2021-06-09,52.84,48.53,48.53,cnn_real
2021-06-10,56.08,48.9,48.9,cnn_real
2021-06-11,55.75,51.23,51.23,cnn_real
2021-06-14,55.12,54.17,54.17,cnn_real
2021-06-15,53.36,52.67,52.67,cnn_real
2021-06-16,53.02,44.8,44.8,cnn_real
2021-06-17,52.78,42.03,42.03,cnn_real
2021-06-18,45.88,31.6,31.6,cnn_real
2021-06-21,47.43,32.47,32.47,cnn_real
2021-06-22,46.43,32.8,32.8,cnn_real
2021-06-23,46.23,33.27,33.27,cnn_real
2021-06-24,46.63,36.9,36.9,cnn_real
2021-06-25,46.72,41.63,41.63,cnn_real
2021-06-28,47.6,41.43,41.43,cnn_real
2021-06-29,47.67,39.83,39.83,cnn_real
2021-06-30,46.96,38.0,38.0,cnn_real
2021-07-01,48.07,38.67,38.67,cnn_real
2021-07-02,48.76,38.67,38.67,cnn_real
2021-07-06,47.56,33.3,33.3,cnn_real
2021-07-07,47.04,33.1,33.1,cnn_real
2021-07-08,44.09,26.97,26.97,cnn_real
2021-07-09,45.86,31.0,31.0,cnn_real
2021-07-12,45.97,31.7,31.7,cnn_real
2021-07-13,43.63,31.27,31.27,cnn_real
2021-07-14,43.11,29.53,29.53,cnn_real
2021-07-15,39.14,27.33,27.33,cnn_real
2021-07-16,34.48,26.9,26.9,cnn_real
2021-07-19,29.48,8.98,8.98,cnn_real
2021-07-20,30.22,20.07,20.07,cnn_real
2021-07-21,32.23,24.2,24.2,cnn_real
2021-07-22,32.02,24.33,24.33,cnn_real
2021-07-23,33.01,28.3,28.3,cnn_real
2021-07-26,32.75,30.9,30.9,cnn_real
2021-07-27,28.15,27.17,27.17,cnn_real
2021-07-28,28.78,27.47,27.47,cnn_real
2021-07-29,30.89,29.23,29.23,cnn_real
2021-07-30,28.96,25.77,25.77,cnn_real
2021-08-02,27.12,25.1,25.1,cnn_real
2021-08-03,29.2,29.53,29.53,cnn_real
2021-08-04,29.22,28.63,28.63,cnn_real
2021-08-05,32.48,29.63,29.63,cnn_real
2021-08-06,31.43,31.87,31.87,cnn_real
2021-08-09,32.2,32.07,32.07,cnn_real
2021-08-10,31.6,34.83,34.83,cnn_real
2021-08-11,32.61,37.93,37.93,cnn_real
2021-08-12,35.47,43.13,43.13,cnn_real
2021-08-13,36.48,47.13,47.13,cnn_real
2021-08-16,38.33,44.87,44.87,cnn_real
2021-08-17,33.53,31.7,31.7,cnn_real
2021-08-18,27.96,18.2,18.2,cnn_real
2021-08-19,26.51,14.88,14.88,cnn_real
2021-08-20,27.22,23.87,23.87,cnn_real
2021-08-23,30.32,30.43,30.43,cnn_real
2021-08-24,34.0,34.4,34.4,cnn_real
2021-08-25,35.67,36.03,36.03,cnn_real
2021-08-26,33.38,36.83,36.83,cnn_real
2021-08-27,37.63,47.47,47.47,cnn_real
2021-08-30,41.41,47.87,47.87,cnn_real
2021-08-31,41.88,47.23,47.23,cnn_real
2021-09-01,43.14,43.13,43.13,cnn_real
2021-09-02,42.41,44.17,44.17,cnn_real
2021-09-03,43.63,44.07,44.07,cnn_real
2021-09-07,44.05,41.7,41.7,cnn_real
2021-09-08,42.61,38.57,38.57,cnn_real
2021-09-09,41.0,33.8,33.8,cnn_real
2021-09-10,37.73,20.6,20.6,cnn_real
2021-09-13,37.88,28.27,28.27,cnn_real
2021-09-14,35.63,24.8,24.8,cnn_real
2021-09-15,38.93,31.2,31.2,cnn_real
2021-09-16,39.96,31.5,31.5,cnn_real
2021-09-17,35.09,17.93,17.93,cnn_real
2021-09-20,23.97,11.1,11.1,cnn_real
2021-09-21,21.07,11.45,11.45,cnn_real
2021-09-22,22.36,20.03,20.03,cnn_real
2021-09-23,26.39,24.5,24.5,cnn_real
2021-09-24,28.17,23.83,23.83,cnn_real
2021-09-27,26.23,24.77,24.77,cnn_real
2021-09-28,17.56,12.47,12.47,cnn_real
2021-09-29,17.08,12.48,12.48,cnn_real
2021-09-30,15.64,9.97,9.97,cnn_real
2021-10-01,17.78,18.33,18.33,cnn_real
2021-10-04,11.66,9.5,9.5,cnn_real
2021-10-05,16.24,18.77,18.77,cnn_real
2021-10-06,19.59,20.07,20.07,cnn_real
2021-10-07,25.27,24.6,24.6,cnn_real
2021-10-08,25.81,25.27,25.27,cnn_real
2021-10-11,24.6,25.9,25.9,cnn_real
2021-10-12,24.52,22.7,22.7,cnn_real
2021-10-13,25.97,24.1,24.1,cnn_real
2021-10-14,31.93,31.83,31.83,cnn_real
2021-10-15,36.75,43.63,43.63,cnn_real
2021-10-18,44.42,46.57,46.57,cnn_real
2021-10-19,48.22,53.4,53.4,cnn_real
2021-10-20,48.66,56.57,56.57,cnn_real
2021-10-21,49.17,60.2,60.2,cnn_real
2021-10-22,45.99,59.5,59.5,cnn_real
2021-10-25,50.6,62.97,62.97,cnn_real
2021-10-26,54.07,63.03,63.03,cnn_real
2021-10-27,53.18,58.33,58.33,cnn_real
2021-10-28,57.25,64.4,64.4,cnn_real
2021-10-29,57.5,65.43,65.43,cnn_real
2021-11-01,61.12,66.13,66.13,cnn_real
2021-11-02,59.09,68.27,68.27,cnn_real
2021-11-03,61.53,72.2,72.2,cnn_real
2021-11-04,61.37,72.43,72.43,cnn_real
2021-11-05,60.56,73.6,73.6,cnn_real
2021-11-08,61.36,74.53,74.53,cnn_real
2021-11-09,59.35,77.17,77.17,cnn_real
2021-11-10,54.7,73.09,73.09,cnn_real
2021-11-11,54.1,72.23,72.23,cnn_real
2021-11-12,55.91,74.0,74.0,cnn_real
2021-11-15,55.2,71.63,71.63,cnn_real
2021-11-16,55.43,72.49,72.49,cnn_real
2021-11-17,53.86,69.2,69.2,cnn_real
2021-11-18,53.96,70.14,70.14,cnn_real
2021-11-19,54.73,62.77,62.77,cnn_real
2021-11-22,49.6,60.0,60.0,cnn_real
2021-11-23,48.37,60.37,60.37,cnn_real
2021-11-24,48.69,56.94,56.94,cnn_real
2021-11-26,36.21,31.26,31.26,cnn_real
2021-11-29,42.22,38.11,38.11,cnn_real
2021-11-30,33.76,24.77,24.77,cnn_real
2021-12-01,25.44,25.36,25.36,cnn_real
2021-12-02,25.72,22.93,22.93,cnn_real
2021-12-03,17.07,20.16,20.16,cnn_real
2021-12-06,21.73,21.26,21.26,cnn_real
2021-12-07,32.11,37.89,37.89,cnn_real
2021-12-08,36.71,41.31,41.31,cnn_real
2021-12-09,31.99,36.86,36.86,cnn_real
2021-12-10,34.78,42.0,42.0,cnn_real
2021-12-13,27.78,35.4,35.4,cnn_real
2021-12-14,23.77,31.54,31.54,cnn_real
2021-12-15,30.35,37.8,37.8,cnn_real
2021-12-16,22.38,33.57,33.57,cnn_real
2021-12-17,19.22,32.51,32.51,cnn_real
2021-12-20,15.37,29.43,29.43,cnn_real
2021-12-21,22.79,34.03,34.03,cnn_real
2021-12-22,26.73,39.54,39.54,cnn_real
2021-12-23,30.99,50.49,50.49,cnn_real
2021-12-27,41.71,56.4,56.4,cnn_real
2021-12-28,38.22,62.97,62.97,cnn_real
2021-12-29,42.36,64.03,64.03,cnn_real
2021-12-30,43.51,63.97,63.97,cnn_real
2021-12-31,40.88,62.54,62.54,cnn_real
2022-01-03,49.71,65.23,65.23,cnn_real
2022-01-04,44.67,64.26,64.26,cnn_real
2022-01-05,32.08,51.03,51.03,cnn_real
2022-01-06,32.14,52.14,52.14,cnn_real
2022-01-07,32.8,49.26,49.26,cnn_real
2022-01-10,32.89,51.14,51.14,cnn_real
2022-01-11,40.76,56.11,56.11,cnn_real
2022-01-12,43.78,55.94,55.94,cnn_real
2022-01-13,33.26,52.17,52.17,cnn_real
2022-01-14,40.63,55.8,55.8,cnn_real
2022-01-18,35.3,53.71,53.71,cnn_real
2022-01-19,32.1,44.83,44.83,cnn_real
2022-01-20,24.28,39.14,39.14,cnn_real
2022-01-21,17.21,26.73,26.73,cnn_real
2022-01-24,16.14,23.13,23.13,cnn_real
2022-01-25,11.45,20.89,20.89,cnn_real
2022-01-26,10.86,19.51,19.51,cnn_real
2022-01-27,7.55,18.6,18.6,cnn_real
2022-01-28,11.34,23.86,23.86,cnn_real
2022-01-31,19.45,29.2,29.2,cnn_real
2022-02-01,20.12,30.8,30.8,cnn_real
2022-02-02,24.21,28.8,28.8,cnn_real
2022-02-03,17.58,26.06,26.06,cnn_real
2022-02-04,21.7,27.6,27.6,cnn_real
2022-02-07,21.21,27.91,27.91,cnn_real
2022-02-08,25.29,28.94,28.94,cnn_real
2022-02-09,30.63,32.66,32.66,cnn_real
2022-02-10,27.03,33.6,33.6,cnn_real
2022-02-11,22.1,28.49,28.49,cnn_real
2022-02-14,22.31,25.69,25.69,cnn_real
2022-02-15,30.44,29.97,29.97,cnn_real
2022-02-16,32.47,32.09,32.09,cnn_real
2022-02-17,25.96,32.46,32.46,cnn_real
2022-02-18,25.67,29.51,29.51,cnn_real
2022-02-22,21.08,28.77,28.77,cnn_real
2022-02-23,19.42,18.81,18.81,cnn_real
2022-02-24,23.63,21.23,21.23,cnn_real
2022-02-25,28.18,28.14,28.14,cnn_real
2022-02-28,22.41,25.47,25.47,cnn_real
2022-03-01,13.48,22.97,22.97,cnn_real
2022-03-02,19.31,17.83,17.83,cnn_real
2022-03-03,15.3,21.73,21.73,cnn_real
2022-03-04,14.31,18.17,18.17,cnn_real
2022-03-07,5.02,16.9,16.9,cnn_real
2022-03-08,6.63,16.67,16.67,cnn_real
2022-03-09,13.06,18.03,18.03,cnn_real
2022-03-10,11.43,17.96,17.96,cnn_real
2022-03-11,8.44,19.06,19.06,cnn_real
2022-03-14,11.44,17.5,17.5,cnn_real
2022-03-15,15.69,21.86,21.86,cnn_real
2022-03-16,21.72,25.26,25.26,cnn_real
2022-03-17,25.56,33.63,33.63,cnn_real
2022-03-18,34.71,38.43,38.43,cnn_real
2022-03-21,37.91,40.97,40.97,cnn_real
2022-03-22,44.85,44.54,44.54,cnn_real
2022-03-23,43.27,45.2,45.2,cnn_real
2022-03-24,45.21,46.91,46.91,cnn_real
2022-03-25,46.65,49.37,49.37,cnn_real
2022-03-28,52.52,51.26,51.26,cnn_real
2022-03-29,60.66,52.71,52.71,cnn_real
2022-03-30,55.12,52.8,52.8,cnn_real
2022-03-31,54.79,59.2,59.2,cnn_real
2022-04-01,58.42,59.8,59.8,cnn_real
2022-04-04,65.78,61.66,61.66,cnn_real
2022-04-05,61.51,47.91,47.91,cnn_real
2022-04-06,53.1,46.4,46.4,cnn_real
2022-04-07,53.98,46.83,46.83,cnn_real
2022-04-08,53.73,46.09,46.09,cnn_real
2022-04-11,48.81,43.4,43.4,cnn_real
2022-04-12,44.2,42.06,42.06,cnn_real
2022-04-13,44.7,41.8,41.8,cnn_real
2022-04-14,40.88,39.86,39.86,cnn_real
2022-04-18,40.2,37.6,37.6,cnn_real
2022-04-19,45.1,39.63,39.63,cnn_real
2022-04-20,39.93,43.31,43.31,cnn_real
2022-04-21,38.67,38.94,38.94,cnn_real
2022-04-22,30.16,31.63,31.63,cnn_real
2022-04-25,30.45,29.97,29.97,cnn_real
2022-04-26,20.42,17.9,17.9,cnn_real
2022-04-27,19.34,16.27,16.27,cnn_real
2022-04-28,27.4,24.26,24.26,cnn_real
2022-04-29,20.67,14.33,14.33,cnn_real
2022-05-02,24.2,13.27,13.27,cnn_real
2022-05-03,23.66,30.49,30.49,cnn_real
2022-05-04,30.95,22.4,22.4,cnn_real
2022-05-05,23.73,13.13,13.13,cnn_real
2022-05-06,22.53,12.24,12.24,cnn_real
2022-05-09,15.56,8.19,8.19,cnn_real
2022-05-10,18.31,7.4,7.4,cnn_real
2022-05-11,13.27,4.03,4.03,cnn_real
2022-05-12,12.43,3.2,3.2,cnn_real
2022-05-13,19.64,11.29,11.29,cnn_real
2022-05-16,17.95,11.74,11.74,cnn_real
2022-05-17,21.23,15.2,15.2,cnn_real
2022-05-18,14.78,6.6,6.6,cnn_real
2022-05-19,16.87,13.71,13.71,cnn_real
2022-05-20,18.25,12.66,12.66,cnn_real
2022-05-23,21.73,17.89,17.89,cnn_real
2022-05-24,21.97,16.0,16.0,cnn_real
2022-05-25,24.05,17.57,17.57,cnn_real
2022-05-26,27.07,24.11,24.11,cnn_real
2022-05-27,36.98,29.54,29.54,cnn_real
2022-05-31,36.38,40.06,40.06,cnn_real
2022-06-01,37.08,40.6,40.6,cnn_real
2022-06-02,40.56,44.83,44.83,cnn_real
2022-06-03,40.53,35.46,35.46,cnn_real
2022-06-06,41.98,42.8,42.8,cnn_real
2022-06-07,47.01,45.63,45.63,cnn_real
2022-06-08,44.39,48.11,48.11,cnn_real
2022-06-09,41.61,47.06,47.06,cnn_real
2022-06-10,33.97,40.0,40.0,cnn_real
2022-06-13,22.23,25.09,25.09,cnn_real
2022-06-14,24.52,20.53,20.53,cnn_real
2022-06-15,24.45,29.26,29.26,cnn_real
2022-06-16,21.1,17.7,17.7,cnn_real
2022-06-17,22.21,16.93,16.93,cnn_real
2022-06-21,25.91,19.73,19.73,cnn_real
2022-06-22,22.88,26.89,26.89,cnn_real
2022-06-23,26.28,26.74,26.74,cnn_real
2022-06-24,30.53,30.86,30.86,cnn_real
2022-06-27,28.83,30.77,30.77,cnn_real
2022-06-28,22.03,28.14,28.14,cnn_real
2022-06-29,20.48,26.54,26.54,cnn_real
2022-06-30,17.69,24.37,24.37,cnn_real
2022-07-01,16.74,24.57,24.57,cnn_real
2022-07-05,20.3,22.17,22.17,cnn_real
2022-07-06,20.9,22.83,22.83,cnn_real
2022-07-07,25.26,27.6,27.6,cnn_real
2022-07-08,27.03,31.34,31.34,cnn_real
2022-07-11,24.25,30.37,30.37,cnn_real
2022-07-12,24.11,30.31,30.31,cnn_real
2022-07-13,24.3,27.29,27.29,cnn_real
2022-07-14,21.6,26.51,26.51,cnn_real
2022-07-15,23.27,33.29,33.29,cnn_real
2022-07-18,24.49,35.89,35.89,cnn_real
2022-07-19,29.08,39.31,39.31,cnn_real
2022-07-20,30.73,44.09,44.09,cnn_real
2022-07-21,35.06,48.2,48.2,cnn_real
2022-07-22,31.6,42.43,42.43,cnn_real
2022-07-25,30.29,42.2,42.2,cnn_real
2022-07-26,27.8,42.0,42.0,cnn_real
2022-07-27,38.36,46.63,46.63,cnn_real
2022-07-28,42.84,48.49,48.49,cnn_real
2022-07-29,48.99,52.4,52.4,cnn_real
2022-08-01,49.87,59.09,59.09,cnn_real
2022-08-02,50.48,57.37,57.37,cnn_real
2022-08-03,54.77,60.26,60.26,cnn_real
2022-08-04,53.09,61.51,61.51,cnn_real
2022-08-05,54.77,63.31,63.31,cnn_real
2022-08-08,57.78,64.74,64.74,cnn_real
2022-08-09,57.99,64.46,64.46,cnn_real
2022-08-10,65.71,65.11,65.11,cnn_real
2022-08-11,65.94,65.83,65.83,cnn_real
2022-08-12,69.58,68.03,68.03,cnn_real
2022-08-15,73.43,66.83,66.83,cnn_real
2022-08-16,71.93,67.94,67.94,cnn_real
2022-08-17,70.38,67.14,67.14,cnn_real
2022-08-18,71.57,66.37,66.37,cnn_real
2022-08-19,71.24,63.71,63.71,cnn_real
2022-08-22,65.3,60.31,60.31,cnn_real
2022-08-23,66.48,57.43,57.43,cnn_real
2022-08-24,64.54,57.51,57.51,cnn_real
2022-08-25,67.33,58.26,58.26,cnn_real
2022-08-26,58.14,55.74,55.74,cnn_real
2022-08-29,57.12,54.29,54.29,cnn_real
2022-08-30,52.28,49.8,49.8,cnn_real
2022-08-31,49.23,52.09,52.09,cnn_real
2022-09-01,48.41,49.37,49.37,cnn_real
2022-09-02,42.9,42.46,42.46,cnn_real
2022-09-06,41.44,40.63,40.63,cnn_real
2022-09-07,43.9,39.63,39.63,cnn_real
2022-09-08,42.97,40.37,40.37,cnn_real
2022-09-09,46.14,43.8,43.8,cnn_real
2022-09-12,48.84,47.6,47.6,cnn_real
2022-09-13,40.43,36.63,36.63,cnn_real
2022-09-14,41.84,41.89,41.89,cnn_real
2022-09-15,40.41,40.66,40.66,cnn_real
2022-09-16,39.78,35.29,35.29,cnn_real
2022-09-19,42.06,36.31,36.31,cnn_real
2022-09-20,41.64,36.11,36.11,cnn_real
2022-09-21,36.5,27.21,27.21,cnn_real
2022-09-22,34.71,24.49,24.49,cnn_real
2022-09-23,29.33,21.69,21.69,cnn_real
2022-09-26,30.37,17.63,17.63,cnn_real
2022-09-27,29.45,16.51,16.51,cnn_real
2022-09-28,31.05,17.03,17.03,cnn_real
2022-09-29,26.13,13.26,13.26,cnn_real
2022-09-30,21.11,16.46,16.46,cnn_real
2022-10-03,24.88,20.39,20.39,cnn_real
2022-10-04,29.8,27.89,27.89,cnn_real
2022-10-05,30.04,29.71,29.71,cnn_real
2022-10-06,27.89,23.14,23.14,cnn_real
2022-10-07,21.08,19.67,19.67,cnn_real
2022-10-10,17.96,19.4,19.4,cnn_real
2022-10-11,19.56,16.89,16.89,cnn_real
2022-10-12,19.0,15.94,15.94,cnn_real
2022-10-13,25.12,19.37,19.37,cnn_real
2022-10-14,20.83,16.46,16.46,cnn_real
2022-10-17,25.14,23.4,23.4,cnn_real
2022-10-18,27.64,28.8,28.8,cnn_real
2022-10-19,30.28,29.43,29.43,cnn_real
2022-10-20,30.0,39.09,39.09,cnn_real
2022-10-21,35.07,43.74,43.74,cnn_real
2022-10-24,35.97,47.23,47.23,cnn_real
2022-10-25,38.39,51.37,51.37,cnn_real
2022-10-26,38.21,53.8,53.8,cnn_real
2022-10-27,39.0,54.57,54.57,cnn_real
2022-10-28,47.08,57.11,57.11,cnn_real
2022-10-31,47.14,64.06,64.06,cnn_real
2022-11-01,46.05,63.51,63.51,cnn_real
2022-11-02,41.68,55.29,55.29,cnn_real
2022-11-03,41.21,55.51,55.51,cnn_real
2022-11-04,47.04,56.51,56.51,cnn_real
2022-11-07,50.42,59.66,59.66,cnn_real
2022-11-08,51.91,57.94,57.94,cnn_real
2022-11-09,47.54,54.0,54.0,cnn_real
2022-11-10,53.85,60.34,60.34,cnn_real
2022-11-11,59.69,63.74,63.74,cnn_real
2022-11-14,56.79,62.69,62.69,cnn_real
2022-11-15,58.46,66.91,66.91,cnn_real
2022-11-16,55.32,65.09,65.09,cnn_real
2022-11-17,54.82,61.49,61.49,cnn_real
2022-11-18,52.93,60.34,60.34,cnn_real
2022-11-21,50.72,60.97,60.97,cnn_real
2022-11-22,53.16,60.8,60.8,cnn_real
2022-11-23,57.22,64.26,64.26,cnn_real
2022-11-25,58.81,63.09,63.09,cnn_real
2022-11-28,53.22,59.74,59.74,cnn_real
2022-11-29,54.51,58.17,58.17,cnn_real
2022-11-30,62.93,73.97,73.97,cnn_real
2022-12-01,65.7,75.6,75.6,cnn_real
2022-12-02,66.85,68.14,68.14,cnn_real
2022-12-05,62.49,65.09,65.09,cnn_real
2022-12-06,56.28,61.83,61.83,cnn_real
2022-12-07,53.79,58.43,58.43,cnn_real
2022-12-08,57.75,55.69,55.69,cnn_real
2022-12-09,52.98,52.09,52.09,cnn_real
2022-12-12,53.65,57.2,57.2,cnn_real
2022-12-13,55.86,59.17,59.17,cnn_real
2022-12-14,54.45,60.94,60.94,cnn_real
2022-12-15,49.25,60.14,60.14,cnn_real
2022-12-16,45.85,44.14,44.14,cnn_real
2022-12-19,42.4,39.97,39.97,cnn_real
2022-12-20,42.36,38.31,38.31,cnn_real
2022-12-21,44.1,38.54,38.54,cnn_real
2022-12-22,39.15,37.0,37.0,cnn_real
2022-12-23,40.64,39.51,39.51,cnn_real
2022-12-27,40.44,39.94,39.94,cnn_real
2022-12-28,37.8,35.51,35.51,cnn_real
2022-12-29,38.96,37.14,37.14,cnn_real
2022-12-30,40.61,36.51,36.51,cnn_real
2023-01-03,39.93,36.6,36.6,cnn_real
2023-01-04,42.15,39.86,39.86,cnn_real
2023-01-05,41.99,44.17,44.17,cnn_real
2023-01-06,47.57,45.71,45.71,cnn_real
2023-01-09,48.28,47.2,47.2,cnn_real
2023-01-10,52.12,49.66,49.66,cnn_real
2023-01-11,55.3,54.23,54.23,cnn_real
2023-01-12,58.31,56.69,56.69,cnn_real
2023-01-13,63.69,61.31,61.31,cnn_real
2023-01-17,68.31,64.14,64.14,cnn_real
2023-01-18,65.49,58.43,58.43,cnn_real
2023-01-19,63.98,55.43,55.43,cnn_real
2023-01-20,68.98,58.54,58.54,cnn_real
2023-01-23,72.96,63.6,63.6,cnn_real
2023-01-24,74.71,63.0,63.0,cnn_real
2023-01-25,74.17,63.89,63.89,cnn_real
2023-01-26,78.78,68.03,68.03,cnn_real
2023-01-27,82.37,69.2,69.2,cnn_real
2023-01-30,77.09,67.46,67.46,cnn_real
2023-01-31,79.59,70.34,70.34,cnn_real
2023-02-01,85.16,82.17,82.17,cnn_real
2023-02-02,91.83,75.2,75.2,cnn_real
2023-02-03,90.63,76.14,76.14,cnn_real
2023-02-06,87.75,75.91,75.91,cnn_real
2023-02-07,91.09,76.34,76.34,cnn_real
2023-02-08,85.22,74.63,74.63,cnn_real
2023-02-09,81.51,72.63,72.63,cnn_real
2023-02-10,79.82,72.49,72.49,cnn_real
2023-02-13,80.96,71.83,71.83,cnn_real
2023-02-14,81.83,73.26,73.26,cnn_real
2023-02-15,85.14,73.66,73.66,cnn_real
2023-02-16,81.42,70.71,70.71,cnn_real
2023-02-17,76.22,69.49,69.49,cnn_real
2023-02-21,68.75,65.91,65.91,cnn_real
2023-02-22,67.9,64.17,64.17,cnn_real
2023-02-23,68.0,62.66,62.66,cnn_real
2023-02-24,62.34,60.66,60.66,cnn_real
2023-02-27,61.34,61.23,61.23,cnn_real
2023-02-28,60.45,61.2,61.2,cnn_real
2023-03-01,57.68,65.91,65.91,cnn_real
2023-03-02,57.52,52.46,52.46,cnn_real
2023-03-03,57.85,55.69,55.69,cnn_real
2023-03-06,58.11,55.26,55.26,cnn_real
2023-03-07,54.48,48.51,48.51,cnn_real
2023-03-08,52.3,49.83,49.83,cnn_real
2023-03-09,47.68,37.54,37.54,cnn_real
2023-03-10,40.79,26.89,26.89,cnn_real
2023-03-13,38.02,23.36,23.36,cnn_real
2023-03-14,39.97,25.09,25.09,cnn_real
2023-03-15,35.78,22.69,22.69,cnn_real
2023-03-16,39.33,32.57,32.57,cnn_real
2023-03-17,35.4,27.0,27.0,cnn_real
2023-03-20,35.9,30.43,30.43,cnn_real
2023-03-21,40.39,43.49,43.49,cnn_real
2023-03-22,35.74,41.03,41.03,cnn_real
2023-03-23,35.26,38.34,38.34,cnn_real
2023-03-24,36.54,37.71,37.71,cnn_real
2023-03-27,36.93,40.2,40.2,cnn_real
2023-03-28,37.68,39.6,39.6,cnn_real
2023-03-29,42.58,41.46,41.46,cnn_real
2023-03-30,45.08,45.23,45.23,cnn_real
2023-03-31,49.17,49.49,49.49,cnn_real
2023-04-03,51.18,61.49,61.49,cnn_real
2023-04-04,52.99,50.23,50.23,cnn_real
2023-04-05,51.77,52.63,52.63,cnn_real
2023-04-06,56.33,55.26,55.26,cnn_real
2023-04-10,61.28,57.91,57.91,cnn_real
2023-04-11,62.23,58.49,58.49,cnn_real
2023-04-12,59.12,60.74,60.74,cnn_real
2023-04-13,64.92,63.17,63.17,cnn_real
2023-04-14,63.08,65.71,65.71,cnn_real
2023-04-17,66.46,67.09,67.09,cnn_real
2023-04-18,67.02,65.49,65.49,cnn_real
2023-04-19,66.39,67.26,67.26,cnn_real
2023-04-20,66.4,64.06,64.06,cnn_real
2023-04-21,65.89,63.51,63.51,cnn_real
2023-04-24,64.35,63.49,63.49,cnn_real
2023-04-25,58.42,57.06,57.06,cnn_real
2023-04-26,58.26,52.4,52.4,cnn_real
2023-04-27,60.61,58.31,58.31,cnn_real
2023-04-28,60.48,59.43,59.43,cnn_real
2023-05-01,60.73,59.43,59.43,cnn_real
2023-05-02,57.63,55.51,55.51,cnn_real
2023-05-03,55.35,54.63,54.63,cnn_real
2023-05-04,54.5,49.6,49.6,cnn_real
2023-05-05,57.5,53.89,53.89,cnn_real
2023-05-08,57.34,57.14,57.14,cnn_real
2023-05-09,56.18,59.57,59.57,cnn_real
2023-05-10,57.59,59.97,59.97,cnn_real
2023-05-11,54.69,59.06,59.06,cnn_real
2023-05-12,53.28,57.34,57.34,cnn_real
2023-05-15,53.46,57.26,57.26,cnn_real
2023-05-16,52.64,55.29,55.29,cnn_real
2023-05-17,54.55,60.26,60.26,cnn_real
2023-05-18,59.09,64.91,64.91,cnn_real
2023-05-19,58.16,65.46,65.46,cnn_real
2023-05-22,59.58,67.86,67.86,cnn_real
2023-05-23,59.38,65.8,65.8,cnn_real
2023-05-24,56.64,61.83,61.83,cnn_real
2023-05-25,56.66,62.69,62.69,cnn_real
2023-05-26,59.84,65.71,65.71,cnn_real
2023-05-30,57.76,66.09,66.09,cnn_real
2023-05-31,57.54,64.17,64.17,cnn_real
2023-06-01,60.37,68.06,68.06,cnn_real
2023-06-02,62.85,75.43,75.43,cnn_real
2023-06-05,60.81,69.49,69.49,cnn_real
2023-06-06,61.15,73.51,73.51,cnn_real
2023-06-07,60.85,74.46,74.46,cnn_real
2023-06-08,63.14,75.77,75.77,cnn_real
2023-06-09,64.79,76.97,76.97,cnn_real
2023-06-12,66.97,78.06,78.06,cnn_real
2023-06-13,69.17,79.63,79.63,cnn_real
2023-06-14,70.47,79.63,79.63,cnn_real
2023-06-15,71.34,80.89,80.89,cnn_real
2023-06-16,69.79,81.26,81.26,cnn_real
2023-06-20,68.91,80.11,80.11,cnn_real
2023-06-21,66.17,80.11,80.11,cnn_real
2023-06-22,68.97,80.06,80.06,cnn_real
2023-06-23,65.55,75.71,75.71,cnn_real
2023-06-26,59.75,73.46,73.46,cnn_real
2023-06-27,60.55,75.49,75.49,cnn_real
2023-06-28,60.71,76.51,76.51,cnn_real
2023-06-29,62.24,79.2,79.2,cnn_real
2023-06-30,63.85,79.49,79.49,cnn_real
2023-07-03,64.76,82.23,82.23,cnn_real
2023-07-05,65.91,79.26,79.26,cnn_real
2023-07-06,65.1,77.91,77.91,cnn_real
2023-07-07,65.97,77.69,77.69,cnn_real
2023-07-10,65.78,76.69,76.69,cnn_real
2023-07-11,66.89,78.29,78.29,cnn_real
2023-07-12,68.26,78.17,78.17,cnn_real
2023-07-13,70.09,79.4,79.4,cnn_real
2023-07-14,70.72,79.8,79.8,cnn_real
2023-07-17,72.03,80.03,80.03,cnn_real
2023-07-18,74.04,81.69,81.69,cnn_real
2023-07-19,75.03,82.34,82.34,cnn_real
2023-07-20,74.34,80.86,80.86,cnn_real
2023-07-21,72.92,81.03,81.03,cnn_real
2023-07-24,75.36,82.51,82.51,cnn_real
2023-07-25,78.13,81.23,81.23,cnn_real
2023-07-26,76.25,80.6,80.6,cnn_real
2023-07-27,76.34,77.66,77.66,cnn_real
2023-07-28,78.18,76.91,76.91,cnn_real
2023-07-31,77.78,77.63,77.63,cnn_real
2023-08-01,77.15,77.34,77.34,cnn_real
2023-08-02,72.2,77.34,77.34,cnn_real
2023-08-03,71.17,73.63,73.63,cnn_real
2023-08-04,67.79,64.5,64.5,cnn_real
2023-08-07,68.9,72.06,72.06,cnn_real
2023-08-08,65.75,69.2,69.2,cnn_real
2023-08-09,62.77,67.31,67.31,cnn_real
2023-08-10,61.84,66.34,66.34,cnn_real
2023-08-11,60.0,65.03,65.03,cnn_real
2023-08-14,59.71,66.29,66.29,cnn_real
2023-08-15,55.73,54.5,54.5,cnn_real
2023-08-16,52.6,49.49,49.49,cnn_real
2023-08-17,49.5,46.14,46.14,cnn_real
2023-08-18,47.57,43.66,43.66,cnn_real
2023-08-21,48.49,43.49,43.49,cnn_real
2023-08-22,45.57,43.44,43.44,cnn_real
2023-08-23,46.02,50.17,50.17,cnn_real
2023-08-24,41.1,40.59,40.59,cnn_real
2023-08-25,40.64,47.03,47.03,cnn_real
2023-08-28,42.03,45.29,45.29,cnn_real
2023-08-29,44.89,49.17,49.17,cnn_real
2023-08-30,48.26,50.43,50.43,cnn_real
2023-08-31,48.3,52.94,52.94,cnn_real
2023-09-01,51.63,55.03,55.03,cnn_real
2023-09-05,51.54,59.09,59.09,cnn_real
2023-09-06,51.42,56.71,56.71,cnn_real
2023-09-07,50.49,53.63,53.63,cnn_real
2023-09-08,49.28,51.91,51.91,cnn_real
2023-09-11,51.09,52.2,52.2,cnn_real
2023-09-12,48.24,51.4,51.4,cnn_real
2023-09-13,48.88,51.4,51.4,cnn_real
2023-09-14,51.26,54.43,54.43,cnn_real
2023-09-15,49.63,52.03,52.03,cnn_real
2023-09-18,49.38,49.49,49.49,cnn_real
2023-09-19,46.46,49.94,49.94,cnn_real
2023-09-20,43.21,48.29,48.29,cnn_real
2023-09-21,39.31,37.16,37.16,cnn_real
2023-09-22,38.69,33.16,33.16,cnn_real
2023-09-25,38.36,38.43,38.43,cnn_real
2023-09-26,33.69,24.23,24.23,cnn_real
2023-09-27,32.44,22.83,22.83,cnn_real
2023-09-28,32.7,29.0,29.0,cnn_real
2023-09-29,31.96,28.4,28.4,cnn_real
2023-10-02,32.07,28.31,28.31,cnn_real
2023-10-03,27.92,20.53,20.53,cnn_real
2023-10-04,28.77,20.99,20.99,cnn_real
2023-10-05,28.25,20.33,20.33,cnn_real
2023-10-06,31.42,27.71,27.71,cnn_real
2023-10-09,29.93,29.26,29.26,cnn_real
2023-10-10,33.0,32.31,32.31,cnn_real
2023-10-11,34.1,34.34,34.34,cnn_real
2023-10-12,33.85,35.69,35.69,cnn_real
2023-10-13,32.16,26.27,26.27,cnn_real
2023-10-16,36.42,35.74,35.74,cnn_real
2023-10-17,38.37,39.14,39.14,cnn_real
2023-10-18,38.99,30.57,30.57,cnn_real
2023-10-19,38.84,29.54,29.54,cnn_real
2023-10-20,35.9,22.86,22.86,cnn_real
2023-10-23,33.53,25.84,25.84,cnn_real
2023-10-24,35.51,33.49,33.49,cnn_real
2023-10-25,30.72,25.21,25.21,cnn_real
2023-10-26,25.76,22.71,22.71,cnn_real
2023-10-27,25.34,21.61,21.61,cnn_real
2023-10-30,25.44,29.2,29.2,cnn_real
2023-10-31,27.14,30.14,30.14,cnn_real
2023-11-01,28.58,32.17,32.17,cnn_real
2023-11-02,32.34,37.69,37.69,cnn_real
2023-11-03,32.84,36.11,36.11,cnn_real
2023-11-06,36.14,38.91,38.91,cnn_real
2023-11-07,36.95,39.63,39.63,cnn_real
2023-11-08,36.88,39.77,39.77,cnn_real
2023-11-09,35.1,41.0,41.0,cnn_real
2023-11-10,40.9,41.46,41.46,cnn_real
2023-11-13,38.5,39.89,39.89,cnn_real
2023-11-14,40.47,46.6,46.6,cnn_real
2023-11-15,43.0,52.54,52.54,cnn_real
2023-11-16,42.38,55.06,55.06,cnn_real
2023-11-17,44.78,58.86,58.86,cnn_real
2023-11-20,47.22,61.29,61.29,cnn_real
2023-11-21,45.87,61.17,61.17,cnn_real
2023-11-22,48.07,65.06,65.06,cnn_real
2023-11-24,52.42,66.86,66.86,cnn_real
2023-11-27,50.93,65.31,65.31,cnn_real
2023-11-28,49.86,65.09,65.09,cnn_real
2023-11-29,48.92,63.29,63.29,cnn_real
2023-11-30,49.82,64.37,64.37,cnn_real
2023-12-01,50.41,64.51,64.51,cnn_real
2023-12-04,50.58,63.71,63.71,cnn_real
2023-12-05,49.81,65.14,65.14,cnn_real
2023-12-06,48.59,63.97,63.97,cnn_real
2023-12-07,52.4,66.14,66.14,cnn_real
2023-12-08,54.46,65.94,65.94,cnn_real
2023-12-11,54.62,67.29,67.29,cnn_real
2023-12-12,56.18,67.89,67.89,cnn_real
2023-12-13,56.95,67.54,67.54,cnn_real
2023-12-14,56.3,70.54,70.54,cnn_real
2023-12-15,58.46,69.46,69.46,cnn_real
2023-12-18,60.14,70.49,70.49,cnn_real
2023-12-19,60.98,82.97,82.97,cnn_real
2023-12-20,57.77,75.57,75.57,cnn_real
2023-12-21,61.08,77.0,77.0,cnn_real
2023-12-22,61.97,79.74,79.74,cnn_real
2023-12-26,65.62,81.94,81.94,cnn_real
2023-12-27,66.24,81.17,81.17,cnn_real
2023-12-28,68.33,81.26,81.26,cnn_real
2023-12-29,67.4,80.71,80.71,cnn_real
2024-01-02,65.47,79.71,79.71,cnn_real
2024-01-03,62.72,76.71,76.71,cnn_real
2024-01-04,62.28,78.69,78.69,cnn_real
2024-01-05,64.02,75.77,75.77,cnn_real
2024-01-08,65.8,76.17,76.17,cnn_real
2024-01-09,64.12,75.69,75.69,cnn_real
2024-01-10,63.98,76.37,76.37,cnn_real
2024-01-11,61.76,74.66,74.66,cnn_real
2024-01-12,61.18,73.09,73.09,cnn_real
2024-01-16,61.54,72.29,72.29,cnn_real
2024-01-17,57.32,57.21,57.21,cnn_real
2024-01-18,57.15,66.46,66.46,cnn_real
2024-01-19,58.93,72.83,72.83,cnn_real
2024-01-22,59.81,72.86,72.86,cnn_real
2024-01-23,58.26,70.26,70.26,cnn_real
2024-01-24,57.9,72.49,72.49,cnn_real
2024-01-25,56.85,73.23,73.23,cnn_real
2024-01-26,56.95,73.8,73.8,cnn_real
2024-01-29,58.43,74.11,74.11,cnn_real
2024-01-30,56.9,74.23,74.23,cnn_real
2024-01-31,51.51,64.11,64.11,cnn_real
2024-02-01,54.64,72.34,72.34,cnn_real
2024-02-02,59.02,74.6,74.6,cnn_real
2024-02-05,57.99,73.31,73.31,cnn_real
2024-02-06,54.3,73.2,73.2,cnn_real
2024-02-07,55.69,73.77,73.77,cnn_real
2024-02-08,54.93,74.6,74.6,cnn_real
2024-02-09,57.12,75.43,75.43,cnn_real
2024-02-12,56.34,75.83,75.83,cnn_real
2024-02-13,51.94,66.74,66.74,cnn_real
2024-02-14,54.53,67.51,67.51,cnn_real
2024-02-15,53.36,73.86,73.86,cnn_real
2024-02-16,49.63,73.49,73.49,cnn_real
2024-02-20,47.85,63.74,63.74,cnn_real
2024-02-21,46.44,63.7,63.7,cnn_real
2024-02-22,52.17,73.94,73.94,cnn_real
2024-02-23,51.35,73.34,73.34,cnn_real
2024-02-26,51.72,71.91,71.91,cnn_real
2024-02-27,52.65,75.77,75.77,cnn_real
2024-02-28,52.31,76.77,76.77,cnn_real
2024-02-29,58.27,77.46,77.46,cnn_real
2024-03-01,60.65,76.83,76.83,cnn_real
2024-03-04,56.49,79.23,79.23,cnn_real
2024-03-05,49.78,76.11,76.11,cnn_real
2024-03-06,52.44,72.54,72.54,cnn_real
2024-03-07,54.84,73.86,73.86,cnn_real
2024-03-08,50.74,70.03,70.03,cnn_real
2024-03-11,49.55,62.77,62.77,cnn_real
2024-03-12,55.53,72.2,72.2,cnn_real
2024-03-13,54.8,71.77,71.77,cnn_real
2024-03-14,53.95,70.4,70.4,cnn_real
2024-03-15,51.14,68.63,68.63,cnn_real
2024-03-18,54.14,70.74,70.74,cnn_real
2024-03-19,55.82,70.86,70.86,cnn_real
2024-03-20,59.22,69.63,69.63,cnn_real
2024-03-21,56.97,71.37,71.37,cnn_real
2024-03-22,57.58,69.51,69.51,cnn_real
2024-03-25,56.98,67.43,67.43,cnn_real
2024-03-26,54.85,67.91,67.91,cnn_real
2024-03-27,56.73,69.77,69.77,cnn_real
2024-03-28,55.92,68.77,68.77,cnn_real
2024-04-01,57.17,71.26,71.26,cnn_real
2024-04-02,55.11,71.14,71.14,cnn_real
2024-04-03,58.63,69.4,69.4,cnn_real
2024-04-04,52.19,53.8,53.8,cnn_real
2024-04-05,54.36,58.1,58.1,cnn_real
2024-04-08,56.93,64.03,64.03,cnn_real
2024-04-09,57.5,59.63,59.63,cnn_real
2024-04-10,53.94,49.67,49.67,cnn_real
2024-04-11,58.46,56.66,56.66,cnn_real
2024-04-12,50.08,45.01,45.01,cnn_real
2024-04-15,45.27,38.4,38.4,cnn_real
2024-04-16,41.78,35.11,35.11,cnn_real
2024-04-17,35.26,31.16,31.16,cnn_real
2024-04-18,31.53,30.4,30.4,cnn_real
2024-04-19,25.36,27.67,27.67,cnn_real
2024-04-22,29.16,34.17,34.17,cnn_real
2024-04-23,33.53,36.57,36.57,cnn_real
2024-04-24,35.76,37.49,37.49,cnn_real
2024-04-25,35.4,39.09,39.09,cnn_real
2024-04-26,40.03,40.51,40.51,cnn_real
2024-04-29,39.54,42.43,42.43,cnn_real
2024-04-30,35.39,40.54,40.54,cnn_real
2024-05-01,33.3,40.51,40.51,cnn_real
2024-05-02,39.12,42.23,42.23,cnn_real
2024-05-03,41.88,43.26,43.26,cnn_real
2024-05-06,45.59,39.0,39.0,cnn_real
2024-05-07,46.61,37.17,37.17,cnn_real
2024-05-08,46.61,38.17,38.17,cnn_real
2024-05-09,45.7,42.23,42.23,cnn_real
2024-05-10,50.02,46.03,46.03,cnn_real
2024-05-13,51.7,48.11,48.11,cnn_real
2024-05-14,53.34,55.29,55.29,cnn_real
2024-05-15,59.01,59.37,59.37,cnn_real
2024-05-16,59.25,62.31,62.31,cnn_real
2024-05-17,63.08,62.8,62.8,cnn_real
2024-05-20,63.59,60.43,60.43,cnn_real
2024-05-21,61.84,59.43,59.43,cnn_real
2024-05-22,60.39,58.51,58.51,cnn_real
2024-05-23,58.29,52.37,52.37,cnn_real
2024-05-24,58.34,51.74,51.74,cnn_real
2024-05-28,58.89,54.69,54.69,cnn_real
2024-05-29,57.94,49.97,49.97,cnn_real
2024-05-30,54.31,45.09,45.09,cnn_real
2024-05-31,51.96,48.43,48.43,cnn_real
2024-06-03,50.36,45.49,45.49,cnn_real
2024-06-04,48.16,47.63,47.63,cnn_real
2024-06-05,52.95,51.14,51.14,cnn_real
2024-06-06,52.17,45.31,45.31,cnn_real
2024-06-07,53.34,43.4,43.4,cnn_real
2024-06-10,53.36,44.74,44.74,cnn_real
2024-06-11,52.8,44.4,44.4,cnn_real
2024-06-12,53.63,46.57,46.57,cnn_real
2024-06-13,51.88,44.57,44.57,cnn_real
2024-06-14,50.94,41.11,41.11,cnn_real
2024-06-17,53.61,43.29,43.29,cnn_real
2024-06-18,50.93,41.29,41.29,cnn_real
2024-06-20,48.89,38.71,38.71,cnn_real
2024-06-21,47.58,39.06,39.06,cnn_real
2024-06-24,43.38,37.77,37.77,cnn_real
2024-06-25,45.19,37.29,37.29,cnn_real
2024-06-26,44.84,40.89,40.89,cnn_real
2024-06-27,44.83,45.51,45.51,cnn_real
2024-06-28,46.69,44.31,44.31,cnn_real
2024-07-01,51.46,47.94,47.94,cnn_real
2024-07-02,53.72,49.74,49.74,cnn_real
2024-07-03,55.22,48.37,48.37,cnn_real
2024-07-05,53.91,49.71,49.71,cnn_real
2024-07-08,54.6,51.06,51.06,cnn_real
2024-07-09,52.87,50.57,50.57,cnn_real
2024-07-10,54.63,54.6,54.6,cnn_real
2024-07-11,46.97,49.4,49.4,cnn_real
2024-07-12,48.88,54.37,54.37,cnn_real
2024-07-15,52.05,57.74,57.74,cnn_real
2024-07-16,52.52,57.03,57.03,cnn_real
2024-07-17,40.83,46.11,46.11,cnn_real
2024-07-18,40.93,45.94,45.94,cnn_real
2024-07-19,39.66,43.0,43.0,cnn_real
2024-07-22,46.21,48.43,48.43,cnn_real
2024-07-23,47.78,46.86,46.86,cnn_real
2024-07-24,33.93,38.61,38.61,cnn_real
2024-07-25,28.23,39.07,39.07,cnn_real
2024-07-26,31.51,42.54,42.54,cnn_real
2024-07-29,31.84,42.07,42.07,cnn_real
2024-07-30,25.11,40.8,40.8,cnn_real
2024-07-31,31.61,46.89,46.89,cnn_real
2024-08-01,24.39,42.69,42.69,cnn_real
2024-08-02,17.17,41.39,41.39,cnn_real
2024-08-05,7.68,33.06,33.06,cnn_real
2024-08-06,10.91,19.01,19.01,cnn_real
2024-08-07,9.36,16.56,16.56,cnn_real
2024-08-08,15.34,17.66,17.66,cnn_real
2024-08-09,17.79,24.09,24.09,cnn_real
2024-08-12,17.52,23.8,23.8,cnn_real
2024-08-13,25.51,25.51,25.51,cnn_real
2024-08-14,30.23,26.43,26.43,cnn_real
2024-08-15,39.24,32.37,32.37,cnn_real
2024-08-16,41.0,33.74,33.74,cnn_real
2024-08-19,44.17,39.89,39.89,cnn_real
2024-08-20,44.31,44.69,44.69,cnn_real
2024-08-21,50.22,50.23,50.23,cnn_real
2024-08-22,48.93,46.77,46.77,cnn_real
2024-08-23,52.66,51.57,51.57,cnn_real
2024-08-26,51.53,52.94,52.94,cnn_real
2024-08-27,55.51,52.29,52.29,cnn_real
2024-08-28,50.61,51.09,51.09,cnn_real
2024-08-29,54.55,56.06,56.06,cnn_real
2024-08-30,64.27,60.31,60.31,cnn_real
2024-09-03,57.1,56.34,56.34,cnn_real
2024-09-04,52.15,56.63,56.63,cnn_real
2024-09-05,52.07,50.63,50.63,cnn_real
2024-09-06,39.04,39.34,39.34,cnn_real
2024-09-09,41.87,41.97,41.97,cnn_real
2024-09-10,42.36,39.69,39.69,cnn_real
2024-09-11,45.11,43.09,43.09,cnn_real
2024-09-12,47.52,42.97,42.97,cnn_real
2024-09-13,44.83,48.63,48.63,cnn_real
2024-09-16,43.82,50.31,50.31,cnn_real
2024-09-17,43.32,54.63,54.63,cnn_real
2024-09-18,44.29,55.17,55.17,cnn_real
2024-09-19,51.22,63.8,63.8,cnn_real
2024-09-20,52.39,61.2,61.2,cnn_real
2024-09-23,52.82,63.86,63.86,cnn_real
2024-09-24,55.67,66.43,66.43,cnn_real
2024-09-25,55.74,65.74,65.74,cnn_real
2024-09-26,58.78,70.74,70.74,cnn_real
2024-09-27,56.67,67.31,67.31,cnn_real
2024-09-30,56.57,73.69,73.69,cnn_real
2024-10-01,55.99,70.31,70.31,cnn_real
2024-10-02,57.99,70.57,70.57,cnn_real
2024-10-03,57.84,69.43,69.43,cnn_real
2024-10-04,65.55,71.4,71.4,cnn_real
2024-10-07,60.06,70.83,70.83,cnn_real
2024-10-08,62.97,71.17,71.17,cnn_real
2024-10-09,62.42,71.14,71.14,cnn_real
2024-10-10,60.16,70.29,70.29,cnn_real
2024-10-11,60.83,71.66,71.66,cnn_real
2024-10-14,64.9,74.23,74.23,cnn_real
2024-10-15,60.14,71.14,71.14,cnn_real
2024-10-16,60.49,69.03,69.03,cnn_real
2024-10-17,59.35,68.57,68.57,cnn_real
2024-10-18,61.69,72.43,72.43,cnn_real
2024-10-21,62.69,69.8,69.8,cnn_real
2024-10-22,62.26,70.37,70.37,cnn_real
2024-10-23,56.17,63.2,63.2,cnn_real
2024-10-24,56.38,62.94,62.94,cnn_real
2024-10-25,57.33,58.74,58.74,cnn_real
2024-10-28,57.05,60.86,60.86,cnn_real
2024-10-29,60.26,60.06,60.06,cnn_real
2024-10-30,56.09,57.2,57.2,cnn_real
2024-10-31,45.68,40.46,40.46,cnn_real
2024-11-01,44.95,50.49,50.49,cnn_real
2024-11-04,43.48,42.43,42.43,cnn_real
2024-11-05,45.51,43.54,43.54,cnn_real
2024-11-06,53.82,44.0,44.0,cnn_real
2024-11-07,56.14,59.06,59.06,cnn_real
2024-11-08,55.6,59.43,59.43,cnn_real
2024-11-11,54.42,66.6,66.6,cnn_real
2024-11-12,56.84,66.71,66.71,cnn_real
2024-11-13,56.92,66.31,66.31,cnn_real
2024-11-14,53.57,60.31,60.31,cnn_real
2024-11-15,44.54,51.2,51.2,cnn_real
2024-11-18,44.97,50.29,50.29,cnn_real
2024-11-19,45.15,49.51,49.51,cnn_real
2024-11-20,45.49,49.51,49.51,cnn_real
2024-11-21,46.11,56.6,56.6,cnn_real
2024-11-22,46.86,60.71,60.71,cnn_real
2024-11-25,46.45,62.89,62.89,cnn_real
2024-11-26,47.94,65.91,65.91,cnn_real
2024-11-27,46.7,64.4,64.4,cnn_real
2024-11-29,52.01,65.0,65.0,cnn_real
2024-12-02,53.04,65.31,65.31,cnn_real
2024-12-03,55.4,59.57,59.57,cnn_real
2024-12-04,55.86,57.49,57.49,cnn_real
2024-12-05,50.29,54.91,54.91,cnn_real
2024-12-06,51.75,52.14,52.14,cnn_real
2024-12-09,49.64,49.26,49.26,cnn_real
2024-12-10,48.53,46.97,46.97,cnn_real
2024-12-11,52.02,49.2,49.2,cnn_real
2024-12-12,49.08,47.11,47.11,cnn_real
2024-12-13,51.07,49.11,49.11,cnn_real
2024-12-16,54.74,56.06,56.06,cnn_real
2024-12-17,50.41,51.4,51.4,cnn_real
2024-12-18,35.11,33.13,33.13,cnn_real
2024-12-19,30.25,19.51,19.51,cnn_real
2024-12-20,34.61,27.6,27.6,cnn_real
2024-12-23,38.37,30.14,30.14,cnn_real
2024-12-24,45.71,34.51,34.51,cnn_real
2024-12-26,45.31,34.17,34.17,cnn_real
2024-12-27,42.4,33.83,33.83,cnn_real
2024-12-30,36.88,28.6,28.6,cnn_real
2024-12-31,33.3,26.31,26.31,cnn_real
2025-01-02,31.59,24.31,24.31,cnn_real
2025-01-03,37.22,28.89,28.89,cnn_real
2025-01-06,41.68,33.77,33.77,cnn_real
2025-01-07,36.01,34.31,34.31,cnn_real
2025-01-08,36.9,31.91,31.91,cnn_real
2025-01-10,31.89,25.63,25.63,cnn_real
2025-01-13,29.97,25.34,25.34,cnn_real
2025-01-14,30.63,25.14,25.14,cnn_real
2025-01-15,36.59,27.43,27.43,cnn_real
2025-01-16,34.23,27.34,27.34,cnn_real
2025-01-17,39.94,36.03,36.03,cnn_real
2025-01-21,45.68,39.91,39.91,cnn_real
2025-01-22,49.3,41.63,41.63,cnn_real
2025-01-23,50.94,43.69,43.69,cnn_real
2025-01-24,48.65,45.8,45.8,cnn_real
2025-01-27,38.23,37.97,37.97,cnn_real
2025-01-28,43.54,40.63,40.63,cnn_real
2025-01-29,44.6,42.4,42.4,cnn_real
2025-01-30,48.22,45.91,45.91,cnn_real
2025-01-31,47.72,43.77,43.77,cnn_real
2025-02-03,44.81,37.4,37.4,cnn_real
2025-02-04,46.21,37.14,37.14,cnn_real
2025-02-05,45.5,38.63,38.63,cnn_real
2025-02-06,48.34,39.69,39.69,cnn_real
2025-02-07,43.96,38.37,38.37,cnn_real
2025-02-10,48.1,44.71,44.71,cnn_real
2025-02-11,47.01,45.4,45.4,cnn_real
2025-02-12,47.97,41.37,41.37,cnn_real
2025-02-13,50.36,46.6,46.6,cnn_real
2025-02-14,52.03,43.69,43.69,cnn_real
2025-02-18,52.27,46.8,46.8,cnn_real
2025-02-19,52.95,47.63,47.63,cnn_real
2025-02-20,49.83,44.23,44.23,cnn_real
2025-02-21,40.46,36.97,36.97,cnn_real
2025-02-24,37.3,29.54,29.54,cnn_real
2025-02-25,36.21,24.2,24.2,cnn_real
2025-02-26,35.04,21.26,21.26,cnn_real
2025-02-27,26.0,12.76,12.76,cnn_real
2025-02-28,30.03,20.66,20.66,cnn_real
2025-03-03,21.21,12.34,12.34,cnn_real
2025-03-04,20.02,11.04,11.04,cnn_real
2025-03-05,23.86,11.51,11.51,cnn_real
2025-03-06,13.71,17.2,17.2,cnn_real
2025-03-07,16.38,17.64,17.64,cnn_real
2025-03-10,4.28,17.07,17.07,cnn_real
2025-03-11,2.79,15.11,15.11,cnn_real
2025-03-12,5.88,15.91,15.91,cnn_real
2025-03-13,0.0,15.19,15.19,cnn_real
2025-03-14,7.15,22.06,22.06,cnn_real
2025-03-17,11.23,22.57,22.57,cnn_real
2025-03-18,6.8,22.23,22.23,cnn_real
2025-03-19,12.19,21.6,21.6,cnn_real
2025-03-20,13.62,21.69,21.69,cnn_real
2025-03-21,17.5,22.69,22.69,cnn_real
2025-03-24,26.62,25.4,25.4,cnn_real
2025-03-25,30.16,29.29,29.29,cnn_real
2025-03-26,26.25,28.89,28.89,cnn_real
2025-03-27,27.01,28.34,28.34,cnn_real
2025-03-28,16.86,26.37,26.37,cnn_real
2025-03-31,19.11,21.11,21.11,cnn_real
2025-04-01,20.14,19.57,19.57,cnn_real
2025-04-02,21.42,22.6,22.6,cnn_real
2025-04-03,7.42,12.14,12.14,cnn_real
2025-04-04,0.0,5.39,5.39,cnn_real
2025-04-07,4.58,4.0,4.0,cnn_real
2025-04-08,2.49,2.9,2.9,cnn_real
2025-04-09,18.71,9.5,9.5,cnn_real
2025-04-10,9.78,5.61,5.61,cnn_real
2025-04-11,11.25,8.39,8.39,cnn_real
2025-04-14,14.56,12.34,12.34,cnn_real
2025-04-15,16.92,13.11,13.11,cnn_real
2025-04-16,8.41,11.14,11.14,cnn_real
2025-04-17,11.41,16.06,16.06,cnn_real
2025-04-21,6.5,12.37,12.37,cnn_real
2025-04-22,11.45,13.6,13.6,cnn_real
2025-04-23,17.44,21.54,21.54,cnn_real
2025-04-24,25.77,24.09,24.09,cnn_real
2025-04-25,30.38,34.51,34.51,cnn_real
2025-04-28,34.92,32.14,32.14,cnn_real
2025-04-29,38.06,32.74,32.74,cnn_real
2025-04-30,38.33,32.37,32.37,cnn_real
2025-05-01,42.41,41.26,41.26,cnn_real
2025-05-02,53.91,38.29,38.29,cnn_real
2025-05-05,57.9,53.06,53.06,cnn_real
2025-05-06,51.29,54.66,54.66,cnn_real
2025-05-07,52.22,54.14,54.14,cnn_real
2025-05-08,44.96,57.66,57.66,cnn_real
2025-05-09,49.14,60.03,60.03,cnn_real
2025-05-12,59.15,64.49,64.49,cnn_real
2025-05-13,63.95,68.2,68.2,cnn_real
2025-05-14,66.25,70.4,70.4,cnn_real
2025-05-15,70.04,69.14,69.14,cnn_real
2025-05-16,71.24,70.6,70.6,cnn_real
2025-05-19,73.48,69.74,69.74,cnn_real
2025-05-20,71.41,69.17,69.17,cnn_real
2025-05-21,65.92,66.23,66.23,cnn_real
2025-05-22,63.55,66.8,66.8,cnn_real
2025-05-23,59.28,64.09,64.09,cnn_real
2025-05-27,65.31,65.74,65.74,cnn_real
2025-05-28,63.61,64.74,64.74,cnn_real
2025-05-29,63.2,64.46,64.46,cnn_real
2025-05-30,60.34,61.91,61.91,cnn_real
2025-06-02,60.19,62.43,62.43,cnn_real
2025-06-03,62.36,54.57,54.57,cnn_real
2025-06-04,62.57,54.89,54.89,cnn_real
2025-06-05,60.66,57.97,57.97,cnn_real
2025-06-06,62.81,61.77,61.77,cnn_real
2025-06-09,63.51,63.43,63.43,cnn_real
2025-06-10,61.69,64.0,64.0,cnn_real
2025-06-11,59.98,64.2,64.2,cnn_real
2025-06-12,59.12,64.6,64.6,cnn_real
2025-06-13,56.27,59.54,59.54,cnn_real
2025-06-16,60.48,61.11,61.11,cnn_real
2025-06-17,56.55,57.43,57.43,cnn_real
2025-06-18,56.64,54.29,54.29,cnn_real
2025-06-20,55.39,54.51,54.51,cnn_real
2025-06-23,56.92,56.6,56.6,cnn_real
2025-06-24,61.55,57.89,57.89,cnn_real
2025-06-25,60.3,59.26,59.26,cnn_real
2025-06-26,61.52,63.0,63.0,cnn_real
2025-06-27,62.61,64.8,64.8,cnn_real
2025-06-30,63.81,69.23,69.23,cnn_real
2025-07-01,62.04,67.54,67.54,cnn_real
2025-07-02,63.95,63.71,63.71,cnn_real
2025-07-03,67.82,77.63,77.63,cnn_real
2025-07-07,67.38,75.09,75.09,cnn_real
2025-07-08,67.19,74.63,74.63,cnn_real
2025-07-09,69.21,75.91,75.91,cnn_real
2025-07-10,69.38,76.97,76.97,cnn_real
2025-07-11,70.3,75.26,75.26,cnn_real
2025-07-14,71.17,76.11,76.11,cnn_real
2025-07-15,71.16,73.49,73.49,cnn_real
2025-07-16,69.2,72.94,72.94,cnn_real
2025-07-17,71.48,74.17,74.17,cnn_real
2025-07-18,70.98,73.94,73.94,cnn_real
2025-07-21,71.14,73.29,73.29,cnn_real
2025-07-22,69.84,73.89,73.89,cnn_real
2025-07-23,71.58,76.37,76.37,cnn_real
2025-07-24,71.82,75.26,75.26,cnn_real
2025-07-25,71.92,74.66,74.66,cnn_real
2025-07-28,72.11,73.8,73.8,cnn_real
2025-07-29,69.84,70.63,70.63,cnn_real
2025-07-30,69.47,68.03,68.03,cnn_real
2025-07-31,66.01,63.71,63.71,cnn_real
2025-08-01,57.46,49.8,49.8,cnn_real
2025-08-04,60.82,56.89,56.89,cnn_real
2025-08-05,58.28,55.03,55.03,cnn_real
2025-08-06,60.0,55.31,55.31,cnn_real
2025-08-07,59.7,54.71,54.71,cnn_real
2025-08-08,60.46,58.37,58.37,cnn_real
2025-08-11,58.19,57.63,57.63,cnn_real
2025-08-12,60.05,62.26,62.26,cnn_real
2025-08-13,59.85,63.34,63.34,cnn_real
2025-08-14,59.19,63.26,63.26,cnn_real
2025-08-15,58.7,63.54,63.54,cnn_real
2025-08-18,58.86,64.2,64.2,cnn_real
2025-08-19,56.3,59.89,59.89,cnn_real
2025-08-20,54.58,55.91,55.91,cnn_real
2025-08-21,53.56,52.6,52.6,cnn_real
2025-08-22,57.76,55.54,55.54,cnn_real
2025-08-25,57.07,53.94,53.94,cnn_real
2025-08-26,58.63,55.4,55.4,cnn_real
2025-08-27,58.5,59.11,59.11,cnn_real
2025-08-28,60.0,64.43,64.43,cnn_real
2025-08-29,60.46,61.54,61.54,cnn_real
2025-09-02,57.5,62.46,62.46,cnn_real
2025-09-03,58.82,61.37,61.37,cnn_real
2025-09-04,59.07,61.17,61.17,cnn_real
2025-09-05,58.08,58.69,58.69,cnn_real
2025-09-08,57.39,58.23,58.23,cnn_real
2025-09-09,57.97,57.94,57.94,cnn_real
2025-09-10,56.18,57.94,57.94,cnn_real
2025-09-11,57.75,60.34,60.34,cnn_real
2025-09-12,58.0,61.34,61.34,cnn_real
2025-09-15,58.54,64.46,64.46,cnn_real
2025-09-16,57.48,64.37,64.37,cnn_real
2025-09-17,58.65,63.77,63.77,cnn_real
2025-09-18,61.04,66.54,66.54,cnn_real
2025-09-19,61.48,66.23,66.23,cnn_real
2025-09-22,61.3,66.51,66.51,cnn_real
2025-09-23,59.22,56.77,56.77,cnn_real
2025-09-24,58.51,54.57,54.57,cnn_real
2025-09-25,56.96,50.66,50.66,cnn_real
2025-09-26,57.78,51.29,51.29,cnn_real
2025-09-29,58.55,50.97,50.97,cnn_real
2025-09-30,58.82,51.4,51.4,cnn_real
2025-10-01,58.94,52.49,52.49,cnn_real
2025-10-02,58.67,54.54,54.54,cnn_real
2025-10-03,58.85,52.57,52.57,cnn_real
2025-10-06,60.34,53.97,53.97,cnn_real
2025-10-07,57.76,51.86,51.86,cnn_real
2025-10-08,59.55,52.94,52.94,cnn_real
2025-10-09,58.43,48.63,48.63,cnn_real
2025-10-10,47.95,30.14,30.14,cnn_real
2025-10-13,51.46,29.74,29.74,cnn_real
2025-10-14,49.52,28.29,28.29,cnn_real
2025-10-15,50.74,27.41,27.41,cnn_real
2025-10-16,46.42,23.11,23.11,cnn_real
2025-10-17,48.06,22.33,22.33,cnn_real
2025-10-20,50.64,29.86,29.86,cnn_real
2025-10-21,51.68,28.54,28.54,cnn_real
2025-10-22,49.47,26.37,26.37,cnn_real
2025-10-23,51.67,27.57,27.57,cnn_real
2025-10-24,53.18,32.46,32.46,cnn_real
2025-10-27,56.56,37.34,37.34,cnn_real
2025-10-28,56.96,39.34,39.34,cnn_real
2025-10-29,57.49,42.11,42.11,cnn_real
2025-10-30,54.23,37.06,37.06,cnn_real
2025-10-31,55.27,34.46,34.46,cnn_real
2025-11-03,55.02,32.6,32.6,cnn_real
2025-11-04,50.75,20.94,20.94,cnn_real
2025-11-05,51.42,23.06,23.06,cnn_real
2025-11-06,46.44,24.34,24.34,cnn_real
2025-11-07,49.68,20.43,20.43,cnn_real
2025-11-10,52.31,29.94,29.94,cnn_real
2025-11-11,52.63,30.46,30.46,cnn_real
2025-11-12,52.06,34.57,34.57,cnn_real
2025-11-13,49.07,24.54,24.54,cnn_real
2025-11-14,48.3,22.06,22.06,cnn_real
2025-11-17,44.33,11.64,11.64,cnn_real
2025-11-18,41.54,8.9,8.9,cnn_real
2025-11-19,42.92,7.86,7.86,cnn_real
2025-11-20,35.5,5.17,5.17,cnn_real
2025-11-21,36.09,5.66,5.66,cnn_real
2025-11-24,39.24,13.69,13.69,cnn_real
2025-11-25,40.41,15.03,15.03,cnn_real
2025-11-26,41.68,17.66,17.66,cnn_real
2025-11-28,45.28,21.77,21.77,cnn_real
2025-12-01,45.49,22.09,22.09,cnn_real
2025-12-02,46.59,23.26,23.26,cnn_real
2025-12-03,48.94,24.77,24.77,cnn_real
2025-12-04,48.85,36.03,36.03,cnn_real
2025-12-05,52.34,38.14,38.14,cnn_real
2025-12-08,52.04,40.77,40.77,cnn_real
2025-12-09,50.5,40.94,40.94,cnn_real
2025-12-10,52.42,36.37,36.37,cnn_real
2025-12-11,53.04,43.74,43.74,cnn_real
2025-12-12,51.82,39.29,39.29,cnn_real
2025-12-15,50.29,49.31,49.31,cnn_real
2025-12-16,50.57,46.4,46.4,cnn_real
2025-12-17,47.69,37.69,37.69,cnn_real
2025-12-18,48.91,42.37,42.37,cnn_real
2025-12-19,53.49,44.2,44.2,cnn_real
2025-12-22,54.22,54.89,54.89,cnn_real
2025-12-23,53.08,58.57,58.57,cnn_real
2025-12-24,53.53,58.0,58.0,cnn_real
2025-12-26,53.5,54.86,54.86,cnn_real
2025-12-29,52.0,47.89,47.89,cnn_real
2025-12-30,51.55,46.11,46.11,cnn_real
2025-12-31,49.12,43.26,43.26,cnn_real
2026-01-02,48.9,45.23,45.23,cnn_real
2026-01-05,49.45,47.6,47.6,cnn_real
2026-01-06,50.87,52.86,52.86,cnn_real
2026-01-07,50.41,48.57,48.57,cnn_real
2026-01-08,50.02,48.37,48.37,cnn_real
2026-01-09,51.9,54.11,54.11,cnn_real
2026-01-12,52.82,58.0,58.0,cnn_real
2026-01-13,53.09,59.09,59.09,cnn_real
2026-01-14,51.46,58.63,58.63,cnn_real
2026-01-15,52.74,63.66,63.66,cnn_real
2026-01-16,54.54,63.77,63.77,cnn_real
2026-01-20,49.43,50.86,50.86,cnn_real
2026-01-21,50.15,53.86,53.86,cnn_real
2026-01-22,51.03,54.77,54.77,cnn_real
2026-01-23,50.73,54.89,54.89,cnn_real
2026-01-26,51.26,57.66,57.66,cnn_real
2026-01-27,52.84,64.97,64.97,cnn_real
2026-01-28,53.34,65.54,65.54,cnn_real
2026-01-29,51.63,63.83,63.83,cnn_real
2026-01-30,49.19,58.6,58.6,cnn_real
2026-02-02,50.55,63.4,63.4,cnn_real
2026-02-03,47.03,43.34,43.34,cnn_real
2026-02-04,43.44,47.23,47.23,cnn_real
2026-02-05,39.6,34.94,34.94,cnn_real
2026-02-06,43.57,45.37,45.37,cnn_real
2026-02-09,44.97,48.49,48.49,cnn_real
2026-02-10,43.58,47.23,47.23,cnn_real
2026-02-11,44.79,49.91,49.91,cnn_real
2026-02-12,41.0,36.36,36.36,cnn_real
2026-02-13,40.55,33.84,33.84,cnn_real
2026-02-17,40.02,33.31,33.31,cnn_real
2026-02-18,42.56,34.16,34.16,cnn_real
2026-02-19,41.61,34.4,34.4,cnn_real
2026-02-20,43.46,42.34,42.34,cnn_real
2026-02-23,40.61,32.54,32.54,cnn_real
2026-02-24,42.55,40.26,40.26,cnn_real
2026-02-25,44.47,43.14,43.14,cnn_real
2026-02-26,42.27,42.91,42.91,cnn_real
2026-02-27,41.89,41.17,41.17,cnn_real
2026-03-02,43.37,34.29,34.29,cnn_real
2026-03-03,39.95,31.63,31.63,cnn_real
2026-03-04,44.17,33.07,33.07,cnn_real
2026-03-05,44.24,31.63,31.63,cnn_real
2026-03-06,41.36,25.26,25.26,cnn_real
2026-03-09,41.76,22.23,22.23,cnn_real
2026-03-10,40.47,20.27,20.27,cnn_real
2026-03-11,41.56,18.31,18.31,cnn_real
2026-03-12,37.79,,37.79,price_based
2026-03-13,38.63,16.67,16.67,cnn_real
2026-03-16,40.61,23.91,23.91,cnn_real
2026-03-17,41.65,22.89,22.89,cnn_real
2026-03-18,37.43,13.61,13.61,cnn_real
2026-03-19,37.14,18.31,18.31,cnn_real
2026-03-20,32.53,8.4,8.4,cnn_real
2026-03-23,35.65,11.63,11.63,cnn_real
2026-03-24,33.47,10.36,10.36,cnn_real
2026-03-25,33.37,16.54,16.54,cnn_real
2026-03-26,31.13,10.26,10.26,cnn_real
2026-03-27,27.88,8.17,8.17,cnn_real
2026-03-30,24.74,5.77,5.77,cnn_real
2026-03-31,32.74,14.89,14.89,cnn_real
2026-04-01,34.08,15.86,15.86,cnn_real
2026-04-02,34.69,18.29,18.29,cnn_real
2026-04-06,38.49,21.86,21.86,cnn_real
2026-04-07,37.22,21.57,21.57,cnn_real
2026-04-08,42.95,29.17,29.17,cnn_real
2026-04-09,44.17,33.8,33.8,cnn_real
2026-04-10,45.87,38.06,38.06,cnn_real
2026-04-13,48.92,40.97,40.97,cnn_real
2026-04-14,52.34,47.26,47.26,cnn_real
2026-04-15,55.79,56.2,56.2,cnn_real
2026-04-16,58.71,61.49,61.49,cnn_real
2026-04-17,61.56,68.57,68.57,cnn_real
2026-04-20,62.26,69.97,69.97,cnn_real
2026-04-21,61.15,67.57,67.57,cnn_real
2026-04-22,65.09,68.46,68.46,cnn_real
2026-04-23,63.58,66.17,66.17,cnn_real
2026-04-24,68.36,65.4,65.4,cnn_real
2026-04-27,70.44,66.29,66.29,cnn_real
2026-04-28,69.04,67.43,67.43,cnn_real
2026-04-29,65.95,66.23,66.23,cnn_real
2026-04-30,65.95,69.51,69.51,cnn_real
2026-05-01,67.18,71.17,71.17,cnn_real
2026-05-04,64.83,66.89,66.89,cnn_real
2026-05-05,66.68,67.26,67.26,cnn_real
2026-05-06,67.06,68.74,68.74,cnn_real
2026-05-07,65.75,67.29,67.29,cnn_real
2026-05-08,68.92,67.29,67.29,cnn_real
2026-05-11,67.66,66.63,66.63,cnn_real
2026-05-12,64.04,65.69,65.69,cnn_real
2026-05-13,63.6,64.97,64.97,cnn_real
2026-05-14,63.34,65.91,65.91,cnn_real
2026-05-15,58.98,63.23,63.23,cnn_real
2026-05-18,58.25,62.09,62.09,cnn_real
2026-05-19,56.5,59.26,59.26,cnn_real
2026-05-20,58.35,60.51,60.51,cnn_real
2026-05-21,59.43,57.51,57.51,cnn_real
2026-05-22,58.64,58.23,58.23,cnn_real
2026-05-25,65.86,,65.86,price_based
2026-05-26,61.76,59.83,59.83,cnn_real
2026-05-27,62.72,60.63,60.63,cnn_real
2026-05-28,63.18,60.71,60.71,cnn_real
2026-05-29,63.06,60.46,60.46,cnn_real
2026-06-01,63.34,59.46,59.46,cnn_real
2026-06-02,64.13,56.97,56.97,cnn_real
2026-06-03,62.32,54.63,54.63,cnn_real
2026-06-04,60.12,54.57,54.57,cnn_real
2026-06-05,48.05,41.86,41.86,cnn_real
2026-06-08,49.66,39.37,39.37,cnn_real
2026-06-09,45.55,33.77,33.77,cnn_real
2026-06-10,39.97,27.29,27.29,cnn_real
2026-06-11,45.94,29.69,29.69,cnn_real
2026-06-12,47.47,33.51,33.51,cnn_real
2026-06-15,55.69,40.14,40.14,cnn_real
2026-06-16,50.81,39.51,39.51,cnn_real
2026-06-17,47.34,32.94,32.94,cnn_real
2026-06-18,51.51,37.34,37.34,cnn_real
2026-06-22,50.51,33.94,33.94,cnn_real
2026-06-23,41.54,28.46,28.46,cnn_real
2026-06-24,38.12,26.46,26.46,cnn_real
2026-06-25,40.21,25.43,25.43,cnn_real
2026-06-26,36.86,24.66,24.66,cnn_real
2026-06-29,42.62,26.86,26.86,cnn_real
2026-06-30,46.42,29.97,29.97,cnn_real
2026-07-01,42.54,31.63,31.63,cnn_real
2026-07-02,38.36,32.54,32.54,cnn_real
2026-07-06,42.31,41.66,41.66,cnn_real
2026-07-07,42.59,39.77,39.77,cnn_real
2026-07-08,40.99,38.63,38.63,cnn_real
2026-07-09,46.1,44.71,44.71,cnn_real
2026-07-10,49.12,46.83,46.83,cnn_real
2026-07-13,42.94,40.86,40.86,cnn_real
2026-07-14,44.87,41.06,41.06,cnn_real
2026-07-15,41.34,,41.34,price_based
2026-07-16,39.96,41.2,41.2,cnn_real
2026-07-17,35.93,37.23,37.23,cnn_real
2026-07-20,34.76,37.94,37.94,cnn_real
2026-07-21,39.03,43.37,43.37,cnn_real
2026-07-22,41.14,43.31,43.31,cnn_real
2026-07-23,37.39,38.91,38.91,cnn_real
2026-07-24,34.3,39.43,39.43,cnn_real
2026-07-26,35.77,,35.77,price_based
